"emrap","legacy","php","2014-09-12T21:38:25Z",""
"so-retreat-charts","react","typescript","2018-01-15T22:31:49Z",""
"emrap-client","react","javascript","2018-01-25T17:25:30Z",""
"emrap-corependium client","react","typescript","2019-08-21T18:52:14Z",""
"emrap-corependium server","express","typescript","2019-08-21T18:52:14Z",""
"emrap-corependium native","react-native","typescript","2021-06-03T17:22:11Z",""
"emrap-corependium nav","react","typescript","2019-10-22T18:40:00Z",""
"emrap-corependium mesh-database","node","typescript","2019-12-20T20:24:00Z",""
"starmaker","legacy","php","2013-07-18T10:56:45Z",""
"emrap-search-tools","node","javascript","2018-01-25T17:29:17Z",""
"emrap-android (new)","android","kotlin","2019-12-09T10:53:09Z",""
"emrap-fire-daemon","node","typescript","2019-03-01T19:38:47Z",""
"civitech portal","react","typescript","2018-05-11T12:48:27Z",""
"civitech backend","express","typescript","2018-05-11T12:48:27Z",""
"civitech isp-web-admin","react","typescript","2018-05-11T12:48:27Z",""
"civitech screenshot-tool","node","typescript","2019-03-27T00:24:00Z",""
"course-host","legacy","php","2013-07-18T10:51:46Z",""
"emrap-ios-app","ios","objective-c","2013-12-23T05:20:11Z","2021-06-03T15:27:00Z"
"emrap-ios-app (new)","ios","swift","2021-05-21T15:18:00Z",""
"silverorange-blog","next","typescript","2020-06-23T20:42:09Z",""
"iwk-achh-pain-app","laravel","php","2017-07-20T16:57:19Z",""
"silverorange","static","html","2013-07-18T16:47:14Z",""
"emrap-go-client","react","javascript","2018-08-21T12:56:50Z",""
"emrap-go-server","express","javascript","2018-08-07T12:50:00Z",""
"neon","express","javascript","2016-10-11T17:40:03Z","2021-05-20T13:31:26Z"
"phone-direct","legacy","php","2013-07-18T10:55:53Z","2017-09-15T14:42:08Z"
"gallery","legacy","php","2013-07-18T10:53:11Z","2016-06-16T18:47:34Z"
"blorgy","legacy","php","2013-08-14T14:41:52Z","2015-10-15T16:58:26Z"
"composer-repository","satis","php","2016-01-21T01:12:33Z",""
"video-platform-client web","react","typescript","2019-01-10T14:58:10Z",""
"video-platform-client shared","node","typescript","2020-03-04T15:52:00Z",""
"video-platform-client native","react-native","typescript","2020-03-04T15:52:00Z","2022-02-18T04:00:00Z"
"video-platform-client header","react","typescript","2021-06-03T17:43:00Z",""
"hippo","legacy","php","2013-07-18T10:54:04Z","2022-02-18T04:00:00Z"
"uas-jsonapi-server","express","javascript","2016-09-06T16:59:49Z","2022-02-18T04:00:00Z"
"papodcast","legacy","php","2018-07-30T17:29:46Z","2021-10-27 16:33:25Z"
"essentials","legacy","php","2013-07-18T10:55:48Z","2022-02-18T04:00:00Z"
"firebase-sync-service","node","typescript","2020-01-31T19:55:06Z","2022-02-18T04:00:00Z"
"hippo-pay-client","react","javascript","2018-01-31T22:31:18Z","2021-10-04T15:31:00Z"
"hippo-pay-admin","react","javascript","2018-04-16T10:45:03Z","2022-02-18T04:00:00Z"
"pcrap","legacy","php","2014-01-27T16:13:06Z","2022-03-09T18:59:40Z"
"pedsrap","legacy","php","2015-01-12T15:46:57Z","2022-02-15T20:31:53Z"
"ucrap","legacy","php","2015-01-12T15:47:26Z","2021-09-21T16:25:51Z"
"hippo-ed","emberjs","javascript","2015-07-21T17:25:37Z","2022-02-18T04:00:00Z"
"qbank-react","react","javascript","2017-02-03T03:56:40Z","2022-02-18T04:00:00Z"
"qbank-2020","react-native","javascript","2017-11-20T16:53:19Z","2022-02-18T04:00:00Z"
"qbank-admin","react","javascript","2017-06-06T20:14:32Z","2022-02-18T04:00:00Z"
"acoep-platform","react","javascript","2018-08-29T04:11:08Z","2022-02-18T04:00:00Z"
"video-pipeline-lambda-functions","node","typescript","2019-10-08T18:28:11Z","2022-02-18T04:00:00Z"
"uas-oauth2-server","express","javascript","2016-08-17T21:47:26Z","2022-02-18T04:00:00Z"
"hippo-pay","express","javascript","2018-01-30T15:09:38Z","2020-04-24T20:18:39Z"
"uas-graphql-server","apollo","typescript","2019-11-12T19:48:25Z","2020-01-22T21:56:50Z"
"papodcast-ios-app","ios","objective-c","2018-09-11T18:34:57Z","2021-10-27 16:33:25Z"
"rap-android emrap","android","java","2015-06-18T19:07:38Z","2019-12-09T10:53:09Z"
"kos-android pcrap","android","java","2015-05-11T14:25:00Z","2022-02-18T04:00:00Z"
"kos-android pedsrap","android","java","2015-05-11T14:25:00Z","2022-02-16T16:37:00Z"
"kos-android ucrap","android","java","2015-05-11T14:25:00Z","2021-09-21T16:25:51Z"
"kos-android ercast","android","java","2018-04-24T19:50:00Z","2021-03-01T00:00:00Z"
"kos-android papodcast","android","java","2018-08-13T18:00:00Z","2021-10-27 16:33:25Z"
"hippo-sharp","express","javascript","2017-04-12T17:07:18Z","2020-11-20T21:36:00Z"
"ercast-ios-app","ios","objective-c","2018-02-05T14:52:08Z","2021-03-01T00:00:00Z"
"pcrap-ios-app","ios","objective-c","2014-02-14T21:33:07Z","2022-03-09T18:59:40Z"
"pedsrap-ios-app","ios","objective-c","2015-01-08T15:35:10Z","2021-01-22T17:44:35Z"
"ucrap-ios-app","ios","objective-c","2015-01-12T21:34:23Z","2021-09-21 16:25:51Z"
"ercast","legacy","php","2018-02-12T16:30:53Z","2021-03-01T00:00:00Z"
"automation","ansible","yaml","2020-12-10T15:07:29Z",""
"2fik","react","typescript","2021-02-01T21:34:43Z",""
"legaseer","node","typescript","2021-03-10T23:53:02Z",""
"svg-hackathon","react","typescript","2021-03-22T23:50:48Z",""
"remote-week-hackathon","node","typescript","2021-08-09T19:11:19Z",""
"sogulp","gulp","javascript","2015-05-18T17:43:00Z","2021-03-10T23:53:02Z"
"air-institutes","next","typescript","2022-01-04T18:14:28Z",""
"es-translation-unit","node","typescript","2022-11-01T20:36:08Z",""
"emrap-infrastructure","terraform","hcl","2022-10-26T13:32:01Z",""
