"yes", "2013-07-18T10:54:04Z", "hippo", "hippo"
"yes", "2013-07-18T10:55:48Z", "hippo", "essentials"
"yes", "2014-01-27T16:13:06Z", "hippo", "pcrap"
"yes", "2015-01-12T15:46:57Z", "hippo", "pedsrap"
"yes", "2015-01-12T15:47:26Z", "hippo", "ucrap"
"yes", "2016-08-17T21:47:26Z", "hippo", "uas-oauth2-server"
"no", "2016-08-24T19:32:13Z", "hippo", "ember-oauth2"
"yes", "2016-08-30T21:28:51Z", "hippo", "jsonapi-server"
"yes", "2016-09-06T16:59:49Z", "hippo", "uas-jsonapi-server"
"yes", "2016-10-11T02:11:04Z", "hippo", "uas-data-store"
"no", "2016-10-13T16:38:14Z", "hippo", "arap"
"yes", "2016-10-24T23:44:07Z", "hippo", "uas-migration"
"no", "2016-12-02T01:00:16Z", "hippo", "ember-dev-test"
"yes", "2016-12-02T14:24:36Z", "hippo", "hive"
"yes", "2016-12-16T19:02:21Z", "hippo", "uas-password"
"yes", "2017-02-03T03:56:40Z", "hippo", "qbank-react"
"yes", "2017-02-22T16:13:38Z", "hippo", "service-page"
"yes", "2017-02-24T20:22:54Z", "hippo", "uas-e2e-testing"
"yes", "2017-03-18T01:08:06Z", "hippo", "qbank-react-native"
"yes", "2017-03-23T16:08:52Z", "hippo", "uas-logger"
"yes", "2017-04-11T21:15:28Z", "hippo", "qbank-data-migration"
"yes", "2017-04-12T17:07:18Z", "hippo", "hippo-sharp"
"yes", "2017-06-06T20:14:32Z", "hippo", "qbank-admin"
"yes", "2017-06-09T15:23:08Z", "hippo", "qbank-auth-demo"
"yes", "2017-08-03T21:16:31Z", "hippo", "peds-data-import"
"yes", "2017-09-01T15:29:43Z", "hippo", "Kos"
"yes", "2017-10-03T02:55:39Z", "hippo", "pa-qbank-migration"
"yes", "2017-10-27T15:56:46Z", "hippo", "kos-ios"
"yes", "2017-11-20T16:53:19Z", "hippo", "qbank-mobile"
"no", "2018-01-16T17:03:53Z", "hippo", "BraintreeBoilerplate"
"yes", "2018-01-30T15:09:38Z", "hippo", "hippo-pay"
"yes", "2018-01-31T22:31:18Z", "hippo", "hippo-pay-client"
"yes", "2018-02-06T17:39:48Z", "hippo", "kos-android"
"no", "2018-02-12T03:25:50Z", "hippo", "react-boilerplate"
"yes", "2018-02-12T16:30:53Z", "hippo", "ercast"
"yes", "2018-04-16T10:45:03Z", "hippo", "hippo-pay-admin"
"no", "2018-07-19T23:35:38Z", "hippo", "acoep-poc"
"yes", "2018-07-23T17:41:05Z", "hippo", "hippo-scripts"
"yes", "2018-07-30T17:29:46Z", "hippo", "papodcast"
"yes", "2018-08-06T19:54:04Z", "hippo", "dotnet-api-signin"
"yes", "2018-08-29T04:10:39Z", "hippo", "electron-wrapper"
"yes", "2018-08-29T04:11:08Z", "hippo", "acoep-platform"
"yes", "2018-09-11T18:34:57Z", "hippo", "papodcast-ios-app"
"yes", "2018-12-10T19:40:58Z", "hippo", "the-nile"
"yes", "2019-01-10T14:58:10Z", "hippo", "video-platform-client"
"yes", "2019-10-08T18:28:11Z", "hippo", "video-pipeline-lambda-functions"
"yes", "2019-11-12T19:48:25Z", "hippo", "uas-graphql-server"
"yes", "2019-11-19T20:37:12Z", "hippo", "qbank-data-import"
"yes", "2020-01-31T19:55:06Z", "hippo", "firebase-sync-service"
"yes", "2020-02-21T16:50:48Z", "hippo", "hippo-client-platform"
"yes", "2020-05-04T18:32:24Z", "hippo", "qbank-2020"
"yes", "2020-10-01T14:30:05Z", "hippo", "hippo-front-end-test"
"yes", "2013-01-02T09:06:43Z", "silverorange", "Net_Notifier"
"yes", "2013-01-02T09:35:43Z", "silverorange", "Concentrate"
"yes", "2013-07-02T19:37:59Z", "silverorange", "emrap-app"
"yes", "2013-07-09T22:54:14Z", "silverorange", "general"
"yes", "2013-07-18T10:46:18Z", "silverorange", "admin"
"yes", "2013-07-18T10:47:11Z", "silverorange", "authorize-net"
"yes", "2013-07-18T10:47:33Z", "silverorange", "atom-feed"
"yes", "2013-07-18T10:47:54Z", "silverorange", "blorg"
"yes", "2013-07-18T10:48:11Z", "silverorange", "botr-api"
"yes", "2013-07-18T10:48:24Z", "silverorange", "conversion"
"yes", "2013-07-18T10:48:45Z", "silverorange", "creation"
"yes", "2013-07-18T10:48:55Z", "silverorange", "deliverance"
"no", "2013-07-18T10:49:12Z", "silverorange", "dompdf"
"yes", "2013-07-18T10:49:29Z", "silverorange", "hot-date"
"yes", "2013-07-18T10:49:43Z", "silverorange", "inquisition"
"yes", "2013-07-18T10:50:14Z", "silverorange", "less"
"yes", "2013-07-18T10:50:31Z", "silverorange", "mailchimp-api"
"yes", "2013-07-18T10:50:48Z", "silverorange", "nate-go-search"
"yes", "2013-07-18T10:51:09Z", "silverorange", "news-flash"
"yes", "2013-07-18T10:51:13Z", "silverorange", "academy"
"yes", "2013-07-18T10:51:30Z", "silverorange", "pinhole"
"yes", "2013-07-18T10:51:43Z", "silverorange", "site"
"yes", "2013-07-18T10:51:46Z", "silverorange", "course-host"
"yes", "2013-07-18T10:52:00Z", "silverorange", "sniftr"
"yes", "2013-07-18T10:52:02Z", "silverorange", "emrap-old"
"yes", "2013-07-18T10:52:14Z", "silverorange", "store"
"yes", "2013-07-18T10:52:39Z", "silverorange", "swat"
"yes", "2013-07-18T10:52:51Z", "silverorange", "turing"
"yes", "2013-07-18T10:53:04Z", "silverorange", "xml-atom"
"yes", "2013-07-18T10:53:11Z", "silverorange", "gallery"
"yes", "2013-07-18T10:53:20Z", "silverorange", "xml-rpc-ajax"
"yes", "2013-07-18T10:53:33Z", "silverorange", "yui"
"yes", "2013-07-18T10:54:33Z", "silverorange", "kindred-spirits"
"yes", "2013-07-18T10:55:30Z", "silverorange", "package-config"
"yes", "2013-07-18T10:55:53Z", "silverorange", "phone-direct"
"yes", "2013-07-18T10:56:18Z", "silverorange", "tools"
"yes", "2013-07-18T10:56:43Z", "silverorange", "surviving-infancy"
"yes", "2013-07-18T10:56:45Z", "silverorange", "starmaker"
"yes", "2013-07-18T10:56:57Z", "silverorange", "status-board"
"yes", "2013-07-18T16:47:14Z", "silverorange", "silverorange"
"yes", "2013-07-19T22:36:48Z", "silverorange", "amqp-pdf-to-text"
"yes", "2013-07-24T12:21:59Z", "silverorange", "public"
"yes", "2013-08-14T14:41:52Z", "silverorange", "blorgy"
"yes", "2013-08-26T20:12:11Z", "silverorange", "pre-commit-hook"
"yes", "2013-09-04T02:37:50Z", "silverorange", "tracshift"
"no", "2013-12-12T19:17:01Z", "silverorange", "cordova-plugin-alert-view"
"yes", "2013-12-23T05:20:11Z", "silverorange", "emrap-ios-app"
"no", "2014-01-05T00:31:55Z", "silverorange", "sprite-animation-layer"
"yes", "2014-01-27T16:14:48Z", "silverorange", "Rap"
"yes", "2014-01-27T16:17:59Z", "silverorange", "Castanet"
"yes", "2014-01-27T16:22:08Z", "silverorange", "Cme"
"yes", "2014-01-27T16:23:56Z", "silverorange", "Promo"
"yes", "2014-02-14T21:33:07Z", "silverorange", "pcrap-ios-app"
"no", "2014-02-25T13:44:35Z", "silverorange", "Services_Raygun"
"no", "2014-03-04T13:25:13Z", "silverorange", "Services_Raven"
"yes", "2014-03-07T21:25:34Z", "silverorange", "Building"
"yes", "2014-04-28T15:36:13Z", "silverorange", "rap-ios"
"no", "2014-06-06T21:04:47Z", "silverorange", "JREProgressView"
"yes", "2014-09-12T21:38:25Z", "silverorange", "emrap"
"yes", "2014-09-29T14:37:51Z", "silverorange", "rap-android"
"yes", "2015-01-08T15:35:10Z", "silverorange", "pedsrap-ios-app"
"yes", "2015-01-12T21:34:23Z", "silverorange", "ucrap-ios-app"
"yes", "2015-03-06T18:52:24Z", "silverorange", "pear-jquery"
"yes", "2015-03-09T17:48:17Z", "silverorange", "hls-segmenter"
"yes", "2015-03-11T14:16:27Z", "silverorange", "firewall"
"yes", "2015-03-15T14:28:55Z", "silverorange", "hippo-style"
"yes", "2015-03-18T15:59:50Z", "silverorange", "amqp-media-duration"
"yes", "2015-04-24T22:16:39Z", "silverorange", "image-reprocessor"
"yes", "2015-05-05T18:02:14Z", "silverorange", "scrunchie"
"yes", "2015-05-19T16:13:59Z", "silverorange", "sogulp"
"yes", "2015-05-22T16:17:09Z", "silverorange", "rap-ember"
"yes", "2015-06-09T14:12:36Z", "silverorange", "rap-meteor"
"yes", "2015-06-10T17:32:54Z", "silverorange", "pod-specs"
"yes", "2015-06-17T18:43:49Z", "silverorange", "hippodermis"
"yes", "2015-07-21T17:25:37Z", "silverorange", "hippo-ed"
"yes", "2016-01-04T21:16:36Z", "silverorange", "Silverorange_Autoloader"
"yes", "2016-01-08T21:35:01Z", "silverorange", "MDB2_Driver_pgsql"
"yes", "2016-01-21T01:12:33Z", "silverorange", "composer-repository"
"yes", "2016-01-27T15:46:30Z", "silverorange", "HelpScoutMigrator"
"yes", "2016-02-14T03:37:16Z", "silverorange", "so-local"
"yes", "2016-05-04T16:30:48Z", "silverorange", "github-webhook-handler"
"yes", "2016-05-16T12:08:05Z", "silverorange", "package_release"
"yes", "2016-06-20T13:12:50Z", "silverorange", "mb_fpdf"
"yes", "2016-08-16T18:27:41Z", "silverorange", "smart-app-gallery"
"yes", "2016-10-11T17:40:03Z", "silverorange", "neon"
"yes", "2016-10-31T10:14:40Z", "silverorange", "hippo-oauth"
"yes", "2016-11-21T11:56:33Z", "silverorange", "json-api-client"
"yes", "2016-12-13T01:32:35Z", "silverorange", "php-dev-test"
"yes", "2017-02-12T21:16:12Z", "silverorange", "coding-standard"
"yes", "2017-02-21T19:20:20Z", "silverorange", "pcrap-tests"
"yes", "2017-05-05T18:34:03Z", "silverorange", "node-database-test"
"yes", "2017-07-20T16:57:19Z", "silverorange", "iwk-achh-pain-app"
"yes", "2017-07-25T01:00:27Z", "silverorange", "jwplayer"
"yes", "2017-08-15T20:09:35Z", "silverorange", "js-dev-test"
"no", "2017-09-13T17:15:36Z", "silverorange", "screen-manager-client"
"no", "2017-09-14T19:07:50Z", "silverorange", "connec-vouch"
"yes", "2017-09-29T15:57:50Z", "silverorange", "sysadmin-task"
"yes", "2017-11-01T15:19:26Z", "silverorange", "handbook"
"yes", "2018-01-15T22:31:49Z", "silverorange", "so-retreat-charts"
"yes", "2018-01-25T17:25:30Z", "silverorange", "emrap-client"
"yes", "2018-01-25T17:29:17Z", "silverorange", "emrap-search-tools"
"yes", "2018-02-05T14:52:08Z", "silverorange", "ercast-ios-app"
"yes", "2018-02-16T20:42:59Z", "silverorange", "booster"
"yes", "2018-04-26T21:36:41Z", "silverorange", "docker-php"
"yes", "2018-05-11T12:48:27Z", "silverorange", "civitech"
"yes", "2018-06-04T21:43:23Z", "silverorange", "ebtesting"
"yes", "2018-07-12T17:34:53Z", "silverorange", "accessible-google-places-autocomplete"
"yes", "2018-08-02T18:24:00Z", "silverorange", "SlidingUpPanel"
"yes", "2018-08-07T12:50:00Z", "silverorange", "emrap-go-server"
"yes", "2018-08-21T12:56:50Z", "silverorange", "emrap-go-client"
"yes", "2018-12-17T15:30:06Z", "silverorange", "npm-auditer"
"yes", "2019-01-18T23:49:09Z", "silverorange", "qa-exercise"
"yes", "2019-03-01T19:38:47Z", "silverorange", "emrap-fire-daemon"
"yes", "2019-04-17T15:33:30Z", "silverorange", "google-docs-api-parser"
"yes", "2019-07-24T18:52:36Z", "silverorange", "fuzzy-doctor-finder"
"yes", "2019-08-21T18:52:14Z", "silverorange", "emrap-corependium"
"yes", "2019-08-25T20:20:57Z", "silverorange", "ambiguous-class-name-detector"
"yes", "2019-09-13T10:17:28Z", "silverorange", "frontend-dev-exercise"
"yes", "2019-09-13T22:32:34Z", "silverorange", "initial-setup"
"yes", "2019-10-28T18:08:30Z", "silverorange", "quotes"
"yes", "2019-10-28T19:41:15Z", "silverorange", "boilerplate"
"yes", "2019-12-09T10:53:09Z", "silverorange", "emrap-android"
"yes", "2020-02-24T22:17:37Z", "silverorange", "emrap-notifications-poc"
"yes", "2020-02-27T18:08:53Z", "silverorange", "ovirt_ansible_backup"
"yes", "2020-03-24T16:29:55Z", "silverorange", "deuce"
"yes", "2020-03-26T15:23:31Z", "silverorange", "NotificationController"
"yes", "2020-04-18T10:05:52Z", "silverorange", "react-dev-test"
"yes", "2020-04-20T16:34:55Z", "silverorange", "react-native-expo-demo"
"no", "2020-04-21T20:32:18Z", "silverorange", "react-dev-test-b"
"no", "2020-04-21T20:32:25Z", "silverorange", "react-dev-test-c"
"no", "2020-04-21T20:32:31Z", "silverorange", "react-dev-test-d"
"no", "2020-04-21T20:32:37Z", "silverorange", "react-dev-test-e"
"no", "2020-04-21T20:32:43Z", "silverorange", "react-dev-test-f"
"no", "2020-04-21T20:33:31Z", "silverorange", "react-dev-test-a"
"no", "2020-04-24T16:17:55Z", "silverorange", "react-dev-test-g"
"no", "2020-04-24T23:56:58Z", "silverorange", "react-native-dev-test"
"no", "2020-04-27T12:47:39Z", "silverorange", "react-native-test-a"
"no", "2020-04-27T12:48:32Z", "silverorange", "react-native-test-b"
"no", "2020-04-27T12:48:43Z", "silverorange", "react-native-test-c"
"no", "2020-04-27T12:48:56Z", "silverorange", "react-native-test-d"
"yes", "2020-06-23T20:42:09Z", "silverorange", "silverorange-blog"
"no", "2020-08-26T01:14:59Z", "silverorange", "react-native-dev-2020-08"
"no", "2020-08-29T01:11:53Z", "silverorange", "senior-dev-2020-08"
"no", "2020-08-31T12:30:02Z", "silverorange", "2020-08-react-dev-test-A"
"no", "2020-08-31T12:31:32Z", "silverorange", "2020-08-react-dev-test-B"
"no", "2020-08-31T12:32:20Z", "silverorange", "2020-08-react-dev-test-C"
"no", "2020-08-31T12:32:46Z", "silverorange", "2020-08-react-dev-test-D"
"no", "2020-08-31T12:33:27Z", "silverorange", "2020-08-react-dev-test-senior-A"
"no", "2020-10-23T21:06:00Z", "silverorange", "senior-dev-2020-10"
"yes", "2020-10-30T19:56:54Z", "silverorange", "smartcrop-demo"
"no", "2020-11-10T21:27:33Z", "silverorange", "qa-dev-2020-11"
"no", "2020-11-16T13:42:32Z", "silverorange", "qa-dev-exercise-a"
"no", "2020-11-16T13:43:59Z", "silverorange", "qa-dev-exercise-b"
"yes", "2020-12-10T15:07:29Z", "silverorange", "automation"
"no", "2021-01-06T20:24:51Z", "silverorange", "native-app-dev-2021-01"
"no", "2021-01-12T20:57:28Z", "silverorange", "intermediate-dev-2021-01"
"no", "2021-01-14T14:36:02Z", "silverorange", "react-dev-2021-01-exercise-1"
"no", "2021-01-14T14:37:49Z", "silverorange", "react-dev-2021-01-exercise-2"
"no", "2021-01-14T14:38:52Z", "silverorange", "react-dev-2021-01-exercise-9"
"no", "2021-01-14T14:38:53Z", "silverorange", "react-dev-2021-01-exercise-8"
"no", "2021-01-14T14:38:54Z", "silverorange", "react-dev-2021-01-exercise-7"
"no", "2021-01-14T14:38:55Z", "silverorange", "react-dev-2021-01-exercise-6"
"no", "2021-01-14T14:38:56Z", "silverorange", "react-dev-2021-01-exercise-5"
"no", "2021-01-14T14:38:57Z", "silverorange", "react-dev-2021-01-exercise-4"
"no", "2021-01-14T14:38:58Z", "silverorange", "react-dev-2021-01-exercise-3"
"no", "2021-01-25T15:01:31Z", "silverorange", "qa-dev-test-2021-01-candidate-01"
"no", "2021-01-25T15:01:44Z", "silverorange", "qa-dev-test-2021-01-candidate-02"
"yes", "2021-02-01T02:13:38Z", "silverorange", "2fik-prototype"
"no", "2021-02-01T21:17:58Z", "silverorange", "native-app-dev-swift-ui"
"yes", "2021-02-01T21:34:43Z", "silverorange", "2fik"
"no", "2021-02-08T14:44:44Z", "silverorange", "native-app-test-2021-02-candidate-01"
"no", "2021-02-08T14:44:51Z", "silverorange", "native-app-test-2021-02-candidate-02"
"no", "2021-02-08T14:46:09Z", "silverorange", "native-app-test-2021-02-candidate-03"
"no", "2021-02-08T14:46:18Z", "silverorange", "native-app-test-2021-02-candidate-04"
"no", "2021-02-08T14:46:32Z", "silverorange", "native-app-test-2021-02-candidate-05"
"yes", "2021-03-10T23:53:02Z", "silverorange", "legaseer"
"yes", "2021-03-22T23:50:48Z", "silverorange", "svg-hackathon"
"yes", "2021-04-05T04:16:11Z", "silverorange", "sqlite_synonyms_tokenizer"
"no", "2021-04-09T17:33:13Z", "silverorange", "redux-toolkit-demo"
"no", "2021-04-21T07:32:09Z", "silverorange", "qa-automation-specialist-2021-04"
"no", "2021-04-26T13:03:04Z", "silverorange", "software-automation-2021-04-candidate-01"
"no", "2021-04-26T13:09:25Z", "silverorange", "software-automation-2021-04-candidate-02"
"no", "2021-04-26T13:13:51Z", "silverorange", "software-automation-2021-04-candidate-03"
"no", "2021-04-26T13:21:03Z", "silverorange", "software-automation-2021-04-candidate-04"
"no", "2021-04-26T14:10:58Z", "silverorange", "software-automation-2021-04-candidate-05"
"no", "2021-07-14T13:57:17Z", "silverorange", "intermediate-dev-2021-07"
"no", "2021-07-23T19:57:35Z", "silverorange", "2021-07-intermediate-developer-candidate-01"
"no", "2021-07-23T20:04:27Z", "silverorange", "2021-07-intermediate-developer-candidate-02"
"no", "2021-07-23T20:04:40Z", "silverorange", "2021-07-intermediate-developer-candidate-03"
"no", "2021-07-23T20:04:49Z", "silverorange", "2021-07-intermediate-developer-candidate-04"
"no", "2021-07-23T20:04:58Z", "silverorange", "2021-07-intermediate-developer-candidate-05"
"no", "2021-07-23T20:05:08Z", "silverorange", "2021-07-intermediate-developer-candidate-06"
"no", "2021-07-23T20:05:21Z", "silverorange", "2021-07-intermediate-developer-candidate-07"
"no", "2021-07-23T20:05:29Z", "silverorange", "2021-07-intermediate-developer-candidate-08"
"no", "2021-07-23T20:05:38Z", "silverorange", "2021-07-intermediate-developer-candidate-09"
"no", "2021-07-23T20:05:48Z", "silverorange", "2021-07-intermediate-developer-candidate-10"
"no", "2021-07-23T20:05:56Z", "silverorange", "2021-07-intermediate-developer-candidate-11"
"yes", "2021-08-09T19:11:19Z", "silverorange", "remote-week-hackathon"
"no", "2021-09-24T20:29:39Z", "silverorange", "starships"
