"rkotcher","uas-jsonapi-server","2020-06-12 12:44:05"
"rkotcher","hippo-pay-client","2020-06-12 12:49:34"
"kendra","hippo-ed","2020-06-15 14:51:18"
"kendra","qbank-react","2020-06-15 15:18:18"
"kendra","pcrap","2020-06-15 18:30:25"
"kendra","essentials","2020-06-15 18:36:08"
"jingwen","pedsrap","2020-06-15 19:51:25"
"kendra","hippo","2020-06-15 19:55:27"
"jingwen","ucrap","2020-06-15 19:55:33"
"kendra","papodcast","2020-06-15 20:38:36"
"kendra","essentials","2020-06-16 15:46:02"
"brittany","pcrap","2020-06-17 12:48:36"
"meg","hippo-pay-admin","2020-06-17 13:01:47"
"brittany","uas-jsonapi-server","2020-06-17 13:20:59"
"meg","video-platform-client","2020-06-18 13:27:19"
"meg","uas-jsonapi-server","2020-06-18 13:31:10"
"meg","video-platform-client","2020-06-18 14:10:27"
"kendra","essentials","2020-06-19 16:16:09"
"kendra","essentials","2020-06-19 16:32:42"
"brittany","video-platform-client","2020-06-23 19:00:40"
"rkotcher","hippo-pay-client","2020-06-23 21:16:31"
"rkotcher","acoep-platform","2020-06-24 17:09:00"
"rkotcher","uas-jsonapi-server","2020-06-24 18:38:10"
"rkotcher","uas-jsonapi-server","2020-06-25 11:11:37"
"rkotcher","uas-jsonapi-server","2020-06-25 11:25:53"
"rkotcher","hippo-pay-admin","2020-07-01 14:47:42"
"rkotcher","hippo-pay-admin","2020-07-01 18:26:45"
"kendra","pcrap","2020-07-07 18:11:50"
"kendra","pcrap","2020-07-07 18:26:41"
"kendra","pcrap","2020-07-08 12:53:18"
"kendra","pcrap","2020-07-14 14:08:19"
"kendra","ucrap","2020-07-14 15:22:54"
"kendra","pedsrap","2020-07-14 15:28:44"
"kendra","ercast","2020-07-14 15:36:13"
"brittany","hippo","2020-07-14 16:23:46"
"kendra","papodcast","2020-07-14 16:50:29"
"kendra","essentials","2020-07-14 17:24:38"
"brittany","hippo-ed","2020-07-14 17:58:45"
"brittany","uas-jsonapi-server","2020-07-14 18:22:48"
"kendra","essentials","2020-07-14 20:31:43"
"kendra","pcrap","2020-07-15 14:04:09"
"rkotcher","acoep-platform","2020-07-15 14:35:57"
"brittany","hippo","2020-07-17 12:34:37"
"brittany","essentials","2020-07-17 12:44:35"
"brittany","ercast","2020-07-17 12:54:53"
"brittany","ucrap","2020-07-17 13:03:02"
"brittany","uas-jsonapi-server","2020-07-17 13:13:14"
"brittany","video-platform-client","2020-07-17 13:19:38"
"brittany","pcrap","2020-07-17 13:25:15"
"brittany","pedsrap","2020-07-17 13:28:28"
"brittany","papodcast","2020-07-17 13:31:39"
"brittany","hippo-ed","2020-07-17 18:25:25"
"kendra","hippo","2020-07-20 14:46:52"
"kendra","pcrap","2020-07-20 16:23:06"
"kendra","hippo","2020-07-20 16:34:36"
"kendra","ucrap","2020-07-20 16:39:18"
"kendra","pedsrap","2020-07-20 16:49:28"
"brittany","essentials","2020-07-20 17:06:05"
"kendra","ercast","2020-07-20 17:10:28"
"kendra","papodcast","2020-07-20 17:18:47"
"kendra","pcrap","2020-07-20 19:45:17"
"kendra","pcrap","2020-07-20 19:49:53"
"kendra","pedsrap","2020-07-20 19:53:16"
"kendra","ucrap","2020-07-20 19:55:37"
"kendra","hippo","2020-07-22 17:46:58"
"kendra","essentials","2020-07-22 17:58:07"
"kendra","pcrap","2020-07-22 18:00:47"
"meg","video-platform-client","2020-07-22 18:01:09"
"meg","uas-jsonapi-server","2020-07-22 18:02:11"
"kendra","pedsrap","2020-07-22 18:03:15"
"kendra","ucrap","2020-07-22 18:20:32"
"kendra","ercast","2020-07-22 18:24:08"
"kendra","papodcast","2020-07-22 18:30:59"
"jingwen","pcrap","2020-07-23 15:28:46"
"gauthierm","uas-jsonapi-server","2020-07-27 17:02:52"
"gauthierm","video-platform-client","2020-07-27 17:13:13"
"gauthierm","video-platform-client","2020-07-27 17:48:10"
"gauthierm","video-platform-client","2020-07-28 16:57:36"
"gauthierm","uas-jsonapi-server","2020-07-29 16:13:48"
"gauthierm","video-platform-client","2020-07-29 16:14:10"
"gauthierm","hippo-pay-client","2020-07-29 16:15:15"
"brittany","hippo","2020-07-30 13:59:57"
"gauthierm","video-platform-client","2020-07-30 16:52:09"
"kendra","pcrap","2020-07-31 18:20:57"
"gauthierm","video-platform-client","2020-08-04 11:51:38"
"gauthierm","hippo-pay-client","2020-08-04 16:25:28"
"gauthierm","uas-jsonapi-server","2020-08-06 14:36:25"
"kendra","pedsrap","2020-08-06 15:25:56"
"kendra","pcrap","2020-08-06 15:38:27"
"kendra","ucrap","2020-08-06 15:58:18"
"gauthierm","video-platform-client","2020-08-06 17:25:15"
"gauthierm","video-platform-client","2020-08-06 17:47:20"
"kendra","hippo","2020-08-10 16:19:58"
"kendra","pcrap","2020-08-10 17:18:56"
"kendra","ucrap","2020-08-10 17:22:55"
"kendra","pedsrap","2020-08-10 17:33:33"
"gauthierm","video-platform-client","2020-08-12 10:51:52"
"jake","uas-jsonapi-server","2020-08-19 11:22:31"
"jake","video-platform-client","2020-08-19 11:34:10"
"jake","video-platform-client","2020-08-19 12:46:32"
"jake","uas-jsonapi-server","2020-08-19 12:51:32"
"brittany","video-platform-client","2020-08-19 13:23:23"
"brittany","video-platform-client","2020-08-19 19:08:18"
"jake","video-platform-client","2020-08-20 10:30:22"
"jake","video-platform-client","2020-08-20 11:01:44"
"kendra","hippo-pay-client","2020-08-20 13:07:31"
"jake","video-platform-client","2020-08-20 16:21:06"
"jake","uas-jsonapi-server","2020-08-20 16:22:42"
"sara","hippo","2020-08-21 14:09:39"
"jake","video-platform-client","2020-08-24 17:08:29"
"jake","video-platform-client","2020-08-25 12:47:41"
"sara","hippo","2020-08-25 16:58:28"
"sara","hippo","2020-08-25 17:17:14"
"sara","pcrap","2020-08-25 19:43:43"
"sara","pedsrap","2020-08-25 19:48:21"
"sara","ucrap","2020-08-25 19:51:59"
"sara","video-platform-client","2020-08-25 21:29:44"
"brandon","uas-jsonapi-server","2020-08-26 14:07:26"
"brandon","qbank-react","2020-08-26 14:32:06"
"jake","video-platform-client","2020-08-26 14:51:51"
"brittany","uas-jsonapi-server","2020-08-27 14:26:41"
"kendra","hippo-pay-client","2020-08-27 15:27:55"
"kendra","ercast","2020-08-27 15:29:49"
"kendra","papodcast","2020-08-27 15:47:25"
"brandon","video-platform-client","2020-08-27 19:01:10"
"brandon","uas-jsonapi-server","2020-08-27 19:02:23"
"sara","ercast","2020-08-28 14:39:03"
"sara","papodcast","2020-08-28 14:47:02"
"kendra","hippo","2020-08-31 13:47:19"
"jake","video-platform-client","2020-08-31 14:47:54"
"kendra","ercast","2020-08-31 15:21:11"
"kendra","essentials","2020-08-31 15:26:01"
"kendra","papodcast","2020-08-31 15:33:56"
"kendra","hippo-ed","2020-08-31 15:37:05"
"jake","video-platform-client","2020-08-31 15:38:47"
"jake","qbank-react","2020-08-31 15:59:40"
"gauthierm","qbank-react","2020-08-31 16:07:35"
"kendra","hippo-ed","2020-08-31 16:33:20"
"gauthierm","uas-jsonapi-server","2020-08-31 18:05:34"
"brittany","uas-jsonapi-server","2020-08-31 21:12:19"
"brittany","hippo-pay-admin","2020-09-01 12:52:08"
"kendra","essentials","2020-09-01 15:08:47"
"kendra","essentials","2020-09-01 16:07:53"
"sara","ercast","2020-09-01 16:25:01"
"sara","papodcast","2020-09-01 16:31:42"
"jake","uas-jsonapi-server","2020-09-01 17:07:25"
"kendra","hippo","2020-09-01 18:05:05"
"sara","hippo","2020-09-01 18:46:13"
"kendra","video-platform-client","2020-09-01 20:09:42"
"sara","hippo","2020-09-01 20:18:31"
"sara","hippo-ed","2020-09-01 21:15:22"
"sara","pedsrap","2020-09-01 21:45:48"
"sara","pcrap","2020-09-01 21:49:02"
"sara","ucrap","2020-09-01 21:51:56"
"gauthierm","uas-jsonapi-server","2020-09-02 11:45:09"
"gauthierm","video-platform-client","2020-09-02 11:46:46"
"gauthierm","hippo","2020-09-02 12:07:02"
"gauthierm","video-platform-client","2020-09-02 12:33:09"
"gauthierm","video-platform-client","2020-09-02 12:36:24"
"sara","essentials","2020-09-02 12:36:51"
"sara","ercast","2020-09-02 13:18:43"
"sara","papodcast","2020-09-02 13:48:25"
"sara","hippo-ed","2020-09-02 14:31:04"
"sara","papodcast","2020-09-03 14:55:55"
"sara","ercast","2020-09-03 15:05:16"
"sara","ucrap","2020-09-03 15:14:10"
"sara","pcrap","2020-09-03 15:19:59"
"sara","pedsrap","2020-09-03 15:29:10"
"sara","hippo","2020-09-03 18:17:38"
"kendra","hippo","2020-09-03 20:09:41"
"gauthierm","video-platform-client","2020-09-08 17:21:43"
"kendra","hippo","2020-09-09 12:47:05"
"brittany","hippo","2020-09-09 15:46:00"
"jake","hippo-pay-client","2020-09-09 16:06:58"
"jake","video-platform-client","2020-09-09 16:08:30"
"gauthierm","hippo-pay-client","2020-09-10 13:10:59"
"kendra","essentials","2020-09-14 16:49:09"
"brittany","uas-jsonapi-server","2020-09-25 13:23:05"
"brittany","video-platform-client","2020-09-25 13:33:06"
"brittany","hippo-pay-admin","2020-09-25 15:27:55"
"sara","hippo-pay-admin","2020-09-25 16:54:02"
"gauthierm","uas-jsonapi-server","2020-09-29 17:04:43"
"gauthierm","hippo-pay-client","2020-09-29 17:09:12"
"kendra","hippo","2020-10-09 13:24:04"
"kendra","essentials","2020-10-13 17:38:28"
"kendra","essentials","2020-10-13 19:32:48"
"kendra","essentials","2020-10-13 19:43:04"
"kendra","essentials","2020-10-14 17:25:43"
"kendra","papodcast","2020-10-19 18:04:18"
"kendra","hippo","2020-10-20 12:58:38"
"kendra","essentials","2020-10-20 15:11:54"
"brittany","uas-jsonapi-server","2020-10-26 14:54:35"
"brittany","video-platform-client","2020-10-26 15:00:09"
"brittany","hippo-pay-admin","2020-10-26 15:05:11"
"kendra","papodcast","2020-10-27 17:16:19"
"brittany","uas-jsonapi-server","2020-10-29 18:38:42"
"brittany","hippo-pay-client","2020-10-29 18:40:59"
"brittany","hippo-pay-admin","2020-10-29 18:44:41"
"brittany","video-platform-client","2020-10-29 18:49:41"
"brittany","ucrap","2020-10-30 14:21:45"
"brittany","pcrap","2020-10-30 14:26:51"
"brittany","pedsrap","2020-10-30 14:30:16"
"brittany","pedsrap","2020-10-30 15:03:15"
"brittany","pcrap","2020-10-30 15:05:23"
"brittany","ucrap","2020-10-30 15:07:58"
"brittany","papodcast","2020-10-30 15:11:53"
"brittany","ercast","2020-10-30 15:15:34"
"brittany","essentials","2020-10-30 15:27:43"
"brittany","hippo","2020-10-30 15:36:37"
"brittany","hippo-pay-client","2020-10-30 15:53:23"
"brittany","uas-jsonapi-server","2020-10-30 16:02:34"
"brittany","video-platform-client","2020-10-30 16:05:56"
"brittany","video-platform-client","2020-10-30 16:39:03"
"brittany","papodcast","2020-10-30 18:18:02"
"brittany","ercast","2020-10-30 18:20:11"
"brittany","uas-jsonapi-server","2020-11-02 13:07:30"
"brittany","hippo-pay-admin","2020-11-02 13:10:59"
"gauthierm","essentials","2020-11-02 15:53:56"
"gauthierm","hippo","2020-11-02 15:56:11"
"gauthierm","pcrap","2020-11-02 16:03:11"
"gauthierm","pedsrap","2020-11-02 17:50:53"
"brittany","hippo-pay-client","2020-11-05 14:27:30"
"brittany","uas-jsonapi-server","2020-11-05 18:33:54"
"brittany","video-platform-client","2020-11-05 18:37:03"
"brittany","uas-jsonapi-server","2020-11-09 16:57:29"
"brittany","video-platform-client","2020-11-09 17:00:29"
"gauthierm","ercast","2020-11-09 17:16:58"
"brittany","ucrap","2020-11-09 18:04:15"
"brittany","pcrap","2020-11-09 18:07:39"
"brittany","pedsrap","2020-11-09 18:14:44"
"brittany","uas-jsonapi-server","2020-11-10 18:22:26"
"brittany","video-platform-client","2020-11-10 18:25:08"
"brittany","video-platform-client","2020-11-11 12:52:42"
"brittany","uas-jsonapi-server","2020-11-11 15:00:35"
"brittany","video-platform-client","2020-11-11 15:04:09"
"brittany","uas-jsonapi-server","2020-11-11 17:34:09"
"brittany","video-platform-client","2020-11-11 20:18:23"
"brittany","uas-jsonapi-server","2020-11-12 13:41:40"
"brittany","video-platform-client","2020-11-12 13:44:03"
"brittany","hippo-pay-admin","2020-11-12 13:50:28"
"gauthierm","papodcast","2020-11-12 16:49:35"
"brittany","uas-jsonapi-server","2020-11-16 15:15:47"
"brittany","video-platform-client","2020-11-16 15:19:35"
"brittany","hippo-pay-admin","2020-11-16 15:23:43"
"brittany","uas-jsonapi-server","2020-11-16 19:06:28"
"brittany","video-platform-client","2020-11-16 19:09:06"
"gauthierm","hippo-pay-client","2020-11-18 15:00:56"
"brittany","hippo","2020-11-19 13:25:15"
"brittany","essentials","2020-11-19 13:28:27"
"brittany","uas-jsonapi-server","2020-11-19 13:57:46"
"brittany","video-platform-client","2020-11-19 14:07:20"
"brittany","ercast","2020-11-19 18:41:57"
"brittany","papodcast","2020-11-19 18:43:57"
"brittany","uas-jsonapi-server","2020-11-19 19:11:06"
"brittany","video-platform-client","2020-11-19 19:14:30"
"brittany","video-platform-client","2020-11-19 20:05:26"
"brittany","video-platform-client","2020-11-23 18:43:41"
"brittany","uas-jsonapi-server","2020-11-30 16:07:36"
"sara","hippo","2020-11-30 20:31:50"
"jingwen","essentials","2020-12-01 10:18:27"
"jingwen","ercast","2020-12-01 10:23:00"
"jingwen","papodcast","2020-12-01 10:29:11"
"jingwen","hippo-ed","2020-12-01 10:38:24"
"jingwen","hippo","2020-12-01 11:01:28"
"jingwen","qbank-react","2020-12-01 11:13:10"
"brittany","video-platform-client","2020-12-01 11:34:28"
"jingwen","papodcast","2020-12-01 12:37:53"
"jingwen","ercast","2020-12-01 12:40:49"
"brittany","uas-jsonapi-server","2020-12-01 12:43:04"
"jingwen","essentials","2020-12-01 12:45:04"
"jingwen","pedsrap","2020-12-01 13:02:37"
"jingwen","pcrap","2020-12-01 13:04:52"
"jingwen","ucrap","2020-12-01 13:09:12"
"brittany","video-platform-client","2020-12-01 14:12:28"
"brittany","video-platform-client","2020-12-01 14:34:06"
"gauthierm","hippo-ed","2020-12-01 16:47:03"
"gauthierm","uas-jsonapi-server","2020-12-01 16:51:13"
"gauthierm","uas-jsonapi-server","2020-12-01 17:32:17"
"gauthierm","hippo-ed","2020-12-04 14:11:19"
"brittany","ucrap","2020-12-08 14:42:34"
"jingwen","essentials","2020-12-08 14:42:41"
"brittany","pcrap","2020-12-08 14:47:02"
"brittany","pedsrap","2020-12-08 14:50:56"
"brittany","ercast","2020-12-08 16:02:42"
"brittany","papodcast","2020-12-08 16:06:45"
"brittany","essentials","2020-12-08 16:36:10"
"brittany","hippo","2020-12-08 16:55:36"
"brittany","uas-jsonapi-server","2020-12-08 17:06:30"
"brittany","video-platform-client","2020-12-08 17:10:51"
"gauthierm","hippo-ed","2020-12-09 16:06:40"
"sara","papodcast","2020-12-10 19:24:05"
"jingwen","essentials","2020-12-15 10:12:10"
"kendra","ucrap","2020-12-17 15:14:12"
"kendra","ercast","2020-12-17 18:18:32"
"gauthierm","pedsrap","2020-12-18 13:37:51"
"jingwen","essentials","2020-12-18 14:37:23"
"kendra","uas-jsonapi-server","2020-12-18 15:53:22"
"kendra","video-platform-client","2020-12-18 16:03:29"
"kendra","video-platform-client","2020-12-18 16:21:33"
"brittany","hippo-pay-admin","2020-12-18 16:24:17"
"sara","pedsrap","2020-12-18 18:47:11"
"sara","hippo","2020-12-22 16:53:32"
"brittany","essentials","2020-12-22 18:49:46"
"brittany","essentials","2020-12-22 19:20:48"
"brittany","essentials","2020-12-23 12:58:37"
