"noel","acoep-platform","2019-01-03 16:44:21"
"noel","acoep-platform","2019-01-03 19:23:17"
"noel","uas-jsonapi-server","2019-01-03 20:57:40"
"nick","course-host","2019-01-07 14:23:49"
"charles","starmaker","2019-01-07 14:49:30"
"noel","uas-jsonapi-server","2019-01-07 21:05:15"
"noel","uas-jsonapi-server","2019-01-08 10:09:42"
"steven","silverorange","2019-01-08 10:18:44"
"noel","acoep-platform","2019-01-08 16:29:14"
"kendra","ercast","2019-01-08 17:57:22"
"kendra","hippo","2019-01-08 18:06:07"
"nick","course-host","2019-01-09 14:09:25"
"philip","emrap-go-server","2019-01-09 16:34:04"
"noel","uas-jsonapi-server","2019-01-09 19:43:33"
"kendra","papodcast","2019-01-09 20:00:42"
"kendra","hippo","2019-01-09 20:34:12"
"charles","starmaker","2019-01-10 09:19:51"
"nick","course-host","2019-01-10 16:57:38"
"philip","emrap-search-tools","2019-01-11 12:41:13"
"noel","hippo-pay","2019-01-13 19:39:46"
"noel","hippo-pay","2019-01-14 17:05:52"
"philip","emrap","2019-01-14 17:11:07"
"philip","emrap","2019-01-14 17:44:48"
"noel","uas-jsonapi-server","2019-01-14 22:23:00"
"meg","hippo","2019-01-15 18:09:22"
"meg","pcrap","2019-01-16 18:05:40"
"kendra","hippo","2019-01-16 19:24:20"
"meg","pcrap","2019-01-16 19:32:58"
"meg","ucrap","2019-01-16 19:38:06"
"meg","pedsrap","2019-01-17 13:26:20"
"kendra","hippo","2019-01-17 16:16:48"
"meg","uas-jsonapi-server","2019-01-17 19:15:35"
"kendra","hippo","2019-01-18 19:17:08"
"meg","ercast","2019-01-21 15:48:22"
"kendra","hippo","2019-01-21 19:39:45"
"nick","emrap","2019-01-22 11:49:43"
"gauthierm","emrap","2019-01-22 14:37:28"
"rkotcher","acoep-platform","2019-01-22 16:24:02"
"nick","emrap","2019-01-22 16:28:14"
"gauthierm","emrap","2019-01-22 17:03:42"
"meg","hippo-pay","2019-01-22 21:21:34"
"meg","papodcast","2019-01-22 21:23:34"
"nick","course-host","2019-01-23 10:04:31"
"nick","emrap","2019-01-23 10:21:23"
"nick","course-host","2019-01-23 11:02:15"
"gauthierm","surviving-infancy","2019-01-23 11:09:02"
"kendra","essentials","2019-01-23 12:51:47"
"meg","pedsrap","2019-01-23 13:06:02"
"kendra","essentials","2019-01-23 19:27:34"
"kendra","pcrap","2019-01-23 21:45:48"
"kendra","ucrap","2019-01-23 21:48:10"
"kendra","pedsrap","2019-01-23 21:48:34"
"kendra","ercast","2019-01-23 21:50:06"
"kendra","papodcast","2019-01-23 21:51:10"
"noel","acoep-platform","2019-01-23 23:26:04"
"nick","course-host","2019-01-28 12:36:53"
"someone","cfsc-api","2019-01-28 18:16:46"
"someone","cfsc-api","2019-01-28 18:23:03"
"kendra","pedsrap","2019-01-28 18:44:31"
"meg","hippo","2019-01-28 21:40:56"
"nick","emrap","2019-01-29 12:07:24"
"gauthierm","pcrap","2019-01-29 13:15:48"
"gauthierm","pedsrap","2019-01-29 14:06:51"
"gauthierm","ucrap","2019-01-29 14:07:59"
"gauthierm","ercast","2019-01-29 14:10:25"
"gauthierm","papodcast","2019-01-29 15:15:21"
"kendra","hippo","2019-01-29 15:56:26"
"meg","pcrap","2019-01-29 21:07:14"
"kendra","papodcast","2019-01-29 21:08:36"
"meg","ucrap","2019-01-29 21:08:43"
"meg","pedsrap","2019-01-29 21:10:39"
"kendra","ercast","2019-01-29 21:10:43"
"someone","cfsc-api","2019-01-31 15:22:19"
"someone","cfsc-api","2019-01-31 15:28:39"
"jake","cfsc-client","2019-01-31 10:35:49"
"meg","hippo","2019-01-31 13:56:21"
"kendra","pcrap","2019-01-31 14:14:46"
"kendra","ucrap","2019-01-31 14:15:57"
"kendra","pedsrap","2019-01-31 14:17:17"
"kendra","ercast","2019-01-31 14:19:32"
"kendra","papodcast","2019-01-31 14:21:19"
"nick","course-host","2019-01-31 16:07:45"
"noel","hippo-pay","2019-01-31 18:50:42"
"noel","hippo-pay-client","2019-01-31 18:52:47"
"nick","emrap","2019-02-01 17:14:53"
"nick","course-host","2019-02-01 17:23:59"
"nick","course-host","2019-02-04 11:53:41"
"meg","pcrap","2019-02-04 13:26:02"
"noel","uas-jsonapi-server","2019-02-06 14:29:31"
"meg","pedsrap","2019-02-06 15:11:05"
"meg","ucrap","2019-02-06 15:11:18"
"meg","ercast","2019-02-06 15:11:18"
"meg","papodcast","2019-02-06 15:11:18"
"gauthierm","starmaker","2019-02-07 18:07:37"
"keith","emrap","2019-02-08 14:55:22"
"nick","course-host","2019-02-08 15:46:10"
"philip","emrap-go-server","2019-02-08 16:07:43"
"philip","emrap-go-client","2019-02-08 16:14:26"
"gauthierm","surviving-infancy","2019-02-08 17:54:37"
"philip","emrap-go-client","2019-02-11 10:08:30"
"philip","emrap-go-server","2019-02-11 10:15:40"
"someone","cfsc-api","2019-02-11 21:30:58"
"someone","cfsc-api","2019-02-11 21:37:02"
"jake","cfsc-client","2019-02-11 16:42:00"
"someone","cfsc-api","2019-02-12 18:57:02"
"keith","emrap","2019-02-12 14:58:14"
"someone","cfsc-api","2019-02-12 19:02:53"
"charles","iwk-chez-nicu-server","2019-02-12 15:05:27"
"charles","iwk-chez-nicu-client","2019-02-12 15:15:03"
"charles","iwk-chez-nicu-client","2019-02-12 16:02:52"
"charles","iwk-chez-nicu-server","2019-02-12 16:05:54"
"steven","course-host","2019-02-28 11:33:43"
"philip","emrap-search-tools","2019-02-28 11:46:50"
"nick","emrap","2019-02-28 12:01:45"
"meg","pcrap","2019-02-28 13:30:45"
"meg","ucrap","2019-02-28 13:30:53"
"meg","pedsrap","2019-02-28 13:30:53"
"meg","ercast","2019-02-28 13:42:38"
"philip","emrap","2019-02-28 13:44:58"
"meg","papodcast","2019-02-28 13:48:53"
"rkotcher","hippo-pay-admin","2019-02-28 15:49:23"
"nick","emrap","2019-02-28 19:32:05"
"philip","emrap-search-tools","2019-03-01 11:36:19"
"philip","emrap","2019-03-01 14:33:31"
"rkotcher","hippo-pay-admin","2019-03-01 17:16:20"
"philip","emrap","2019-03-04 13:45:06"
"someone","cfsc-api","2019-03-04 19:50:01"
"philip","emrap-search-tools","2019-03-05 09:33:02"
"philip","emrap","2019-03-05 12:11:10"
"nick","emrap","2019-03-05 12:26:42"
"meg","pcrap","2019-03-05 14:03:15"
"meg","ucrap","2019-03-05 14:19:48"
"meg","pedsrap","2019-03-05 14:20:54"
"meg","ercast","2019-03-05 14:26:33"
"meg","papodcast","2019-03-05 14:33:47"
"meg","hippo-pay","2019-03-05 15:01:42"
"meg","hippo-pay","2019-03-05 16:37:13"
"meg","ucrap","2019-03-06 13:49:47"
"meg","ercast","2019-03-06 14:22:20"
"meg","papodcast","2019-03-06 14:25:41"
"someone","cfsc-api","2019-03-07 15:47:02"
"someone","cfsc-api","2019-03-07 15:53:04"
"steven","course-host","2019-02-28 11:33:43"
"philip","emrap-search-tools","2019-02-28 11:46:50"
"nick","emrap","2019-02-28 12:01:45"
"meg","pcrap","2019-02-28 13:30:45"
"meg","ucrap","2019-02-28 13:30:53"
"meg","pedsrap","2019-02-28 13:30:53"
"meg","ercast","2019-02-28 13:42:38"
"philip","emrap","2019-02-28 13:44:58"
"meg","papodcast","2019-02-28 13:48:53"
"rkotcher","hippo-pay-admin","2019-02-28 15:49:23"
"nick","emrap","2019-02-28 19:32:05"
"philip","emrap-search-tools","2019-03-01 11:36:19"
"philip","emrap","2019-03-01 14:33:31"
"rkotcher","hippo-pay-admin","2019-03-01 17:16:20"
"philip","emrap","2019-03-04 13:45:06"
"someone","cfsc-api","2019-03-04 19:50:01"
"philip","emrap-search-tools","2019-03-05 09:33:02"
"philip","emrap","2019-03-05 12:11:10"
"nick","emrap","2019-03-05 12:26:42"
"meg","pcrap","2019-03-05 14:03:15"
"meg","ucrap","2019-03-05 14:19:48"
"meg","pedsrap","2019-03-05 14:20:54"
"meg","ercast","2019-03-05 14:26:33"
"meg","papodcast","2019-03-05 14:33:47"
"meg","hippo-pay","2019-03-05 15:01:42"
"meg","hippo-pay","2019-03-05 16:37:13"
"meg","ucrap","2019-03-06 13:49:47"
"meg","ercast","2019-03-06 14:22:20"
"meg","papodcast","2019-03-06 14:25:41"
"someone","cfsc-api","2019-03-07 15:47:02"
"someone","cfsc-api","2019-03-07 15:53:04"
"nick","emrap","2019-03-08 12:10:55"
"gauthierm","emrap","2019-03-11 16:27:25"
"nick","emrap","2019-03-12 11:30:47"
"meg","hippo","2019-03-12 18:36:18"
"meg","hippo","2019-03-12 18:49:09"
"meg","pcrap","2019-03-12 20:27:11"
"meg","ercast","2019-03-12 20:29:37"
"meg","ucrap","2019-03-12 20:30:43"
"meg","papodcast","2019-03-12 20:30:47"
"meg","pedsrap","2019-03-12 20:31:28"
"meg","essentials","2019-03-14 19:42:51"
"kendra","hippo","2019-03-14 20:47:55"
"philip","emrap","2019-03-15 16:28:20"
"kendra","iwk-achh","2019-03-15 17:30:35"
"meg","ercast","2019-03-20 16:48:31"
"jake","cfsc-client","2019-03-22 10:14:03"
"jake","cfsc-client","2019-03-22 10:39:40"
"jake","cfsc-client","2019-03-22 11:28:23"
"jake","cfsc-client","2019-03-22 14:03:26"
"gauthierm","emrap","2019-03-22 22:22:57"
"meg","essentials","2019-03-25 14:32:55"
"kendra","hippo","2019-03-25 20:35:29"
"kendra","hippo-ed","2019-03-25 20:41:37"
"kendra","hippo","2019-03-26 12:56:53"
"kendra","pcrap","2019-03-26 13:01:35"
"nick","emrap","2019-03-26 13:03:02"
"keith","emrap-search-tools","2019-03-26 13:41:36"
"keith","emrap","2019-03-26 13:54:30"
"meg","pcrap","2019-03-26 16:08:38"
"philip","emrap","2019-03-26 16:15:07"
"philip","emrap","2019-03-26 16:27:05"
"meg","ucrap","2019-03-26 18:04:45"
"meg","pedsrap","2019-03-26 18:06:27"
"meg","ercast","2019-03-26 18:07:24"
"meg","papodcast","2019-03-26 18:26:43"
"meg","uas-jsonapi-server","2019-03-27 14:17:51"
"meg","uas-jsonapi-server","2019-03-27 16:02:31"
"kendra","hippo","2019-03-27 20:28:41"
"charles","starmaker","2019-03-28 14:41:08"
"steven","course-host","2019-03-28 16:18:57"
"meg","uas-jsonapi-server","2019-03-28 17:28:00"
"meg","surviving-infancy","2019-03-29 13:31:29"
"meg","hippo","2019-03-29 13:44:08"
"meg","essentials","2019-03-29 13:47:42"
"meg","course-host","2019-03-29 14:43:46"
"nick","course-host","2019-03-29 16:52:48"
"meg","hippo","2019-03-29 17:55:42"
"kendra","pcrap","2019-03-29 18:10:17"
"meg","ucrap","2019-03-29 18:30:43"
"meg","pedsrap","2019-03-29 18:31:07"
"meg","ercast","2019-03-29 19:01:57"
"meg","papodcast","2019-03-29 19:22:55"
"meg","emrap","2019-03-29 19:59:49"
"meg","essentials","2019-04-01 10:40:36"
"meg","essentials","2019-04-01 10:43:06"
"meg","pcrap","2019-04-01 15:47:38"
"meg","ucrap","2019-04-01 16:12:07"
"meg","ercast","2019-04-01 16:12:07"
"meg","papodcast","2019-04-01 16:13:32"
"noel","uas-jsonapi-server","2019-04-01 16:45:01"
"philip","emrap","2019-04-01 16:47:32"
"meg","hippo","2019-04-01 17:56:03"
"meg","pcrap","2019-04-01 19:58:13"
"meg","ucrap","2019-04-01 19:59:07"
"meg","papodcast","2019-04-01 19:59:15"
"meg","ercast","2019-04-01 20:00:12"
"meg","pedsrap","2019-04-01 20:01:09"
"meg","pedsrap","2019-04-02 17:21:28"
"meg","ucrap","2019-04-02 17:21:30"
"kendra","hippo","2019-04-04 14:25:23"
"charles","starmaker","2019-04-05 15:10:29"
"meg","pcrap","2019-04-08 13:13:53"
"meg","pedsrap","2019-04-08 13:28:30"
"meg","ucrap","2019-04-08 13:28:40"
"meg","ercast","2019-04-08 13:32:19"
"meg","papodcast","2019-04-08 13:34:49"
"nick","emrap","2019-04-08 14:50:46"
"nick","emrap","2019-04-08 16:54:01"
"jake","cfsc-client","2019-04-08 16:07:51"
"philip","emrap","2019-04-09 16:39:52"
"kendra","essentials","2019-04-10 13:46:27"
"kendra","essentials","2019-04-10 13:56:01"
"kendra","hippo","2019-04-11 13:00:24"
"meg","hippo","2019-04-11 14:53:24"
"meg","essentials","2019-04-11 15:33:33"
"philip","emrap","2019-04-15 16:44:59"
"meg","hippo","2019-04-15 19:50:43"
"meg","pcrap","2019-04-16 17:20:23"
"meg","ucrap","2019-04-16 17:50:35"
"meg","pedsrap","2019-04-16 17:52:12"
"meg","ercast","2019-04-16 17:52:55"
"meg","papodcast","2019-04-16 17:55:23"
"rkotcher","hippo-pay","2019-04-23 17:24:50"
"nick","emrap","2019-04-24 10:05:26"
"nick","course-host","2019-04-24 17:18:57"
"rkotcher","hippo-pay-client","2019-04-25 16:46:20"
"jake","cfsc-client","2019-04-26 10:28:44"
"nick","course-host","2019-04-26 13:18:13"
"gauthierm","essentials","2019-04-26 18:43:32"
"gauthierm","essentials","2019-04-26 19:58:36"
"charles","starmaker","2019-04-30 10:52:29"
"steven","course-host","2019-04-30 15:17:45"
"noel","hippo-pay-client","2019-04-30 18:51:15"
"noel","hippo-pay-client","2019-04-30 18:56:37"
"noel","hippo-pay-client","2019-04-30 18:59:56"
"noel","hippo-pay-client","2019-04-30 19:03:55"
"noel","hippo-pay-client","2019-04-30 19:27:49"
"noel","hippo-pay-client","2019-04-30 22:16:43"
"noel","hippo-pay-client","2019-05-01 18:01:54"
"noel","hippo-pay-client","2019-05-01 18:07:35"
"meg","hippo","2019-05-01 19:41:39"
"meg","essentials","2019-05-03 20:08:13"
"rkotcher","uas-jsonapi-server","2019-05-03 20:19:06"
"meg","essentials","2019-05-04 10:51:10"
"noel","hippo-pay-client","2019-05-06 18:05:00"
"noel","hippo-pay-client","2019-05-06 18:13:51"
"meg","hippo","2019-05-07 12:32:00"
"steven","course-host","2019-05-07 14:37:37"
"rkotcher","uas-jsonapi-server","2019-05-07 15:50:26"
"meg","essentials","2019-05-07 18:05:51"
"meg","hippo","2019-05-07 18:07:25"
"meg","essentials","2019-05-08 13:03:11"
"gauthierm","uas-oauth2-server","2019-05-08 18:15:35"
"kendra","hippo","2019-05-08 20:12:28"
"steven","course-host","2019-05-09 11:32:06"
"meg","essentials","2019-05-09 16:49:32"
"someone","cfsc-api","2019-05-10 14:00:52"
"someone","cfsc-api","2019-05-10 14:07:18"
"kendra","hippo","2019-05-10 14:31:54"
"meg","iwk-achh","2019-05-10 18:41:48"
"meg","essentials","2019-05-10 19:43:57"
"noel","hippo-pay-client","2019-05-13 02:20:06"
"philip","emrap-go-client","2019-05-13 17:14:02"
"gauthierm","essentials","2019-05-14 01:25:57"
"gauthierm","essentials","2019-05-14 12:37:07"
"meg","essentials","2019-05-14 12:55:08"
"isaac","essentials","2019-05-14 12:56:48"
"isaac","essentials","2019-05-14 13:21:52"
"isaac","essentials","2019-05-14 14:28:55"
"isaac","essentials","2019-05-14 14:55:20"
"nick","emrap","2019-05-14 15:52:24"
"meg","hippo","2019-05-14 16:26:57"
"meg","hippo","2019-05-14 17:37:47"
"kendra","hippo","2019-05-14 20:40:43"
"kendra","uas-jsonapi-server","2019-05-15 13:27:33"
"kendra","hippo","2019-05-15 13:38:05"
"kendra","hippo-ed","2019-05-15 13:59:16"
"meg","essentials","2019-05-15 17:31:31"
"isaac","starmaker","2019-05-16 18:05:45"
"philip","emrap","2019-05-17 17:21:41"
"gauthierm","hippo","2019-05-21 16:24:03"
"philip","emrap-go-client","2019-05-21 17:06:46"
"meg","hippo","2019-05-22 14:08:40"
"nick","silverorange","2019-05-22 16:03:07"
"kendra","essentials","2019-05-22 18:44:45"
"nick","course-host","2019-05-27 13:46:36"
"kendra","hippo","2019-05-27 14:33:33"
"nick","course-host","2019-05-27 15:52:20"
"kendra","hippo","2019-05-27 17:22:57"
"kendra","pcrap","2019-05-28 14:49:05"
"kendra","ucrap","2019-05-28 18:20:29"
"kendra","pedsrap","2019-05-28 18:25:54"
"meg","uas-jsonapi-server","2019-05-29 19:34:31"
"kendra","hippo","2019-05-29 20:21:35"
"meg","papodcast","2019-05-30 13:40:18"
"kendra","ercast","2019-05-30 14:28:58"
"noel","hippo-pay-client","2019-05-30 16:59:18"
"meg","essentials","2019-05-30 19:57:54"
"kendra","pcrap","2019-05-31 15:26:26"
"kendra","ucrap","2019-05-31 15:31:52"
"kendra","pedsrap","2019-05-31 15:35:13"
"kendra","ercast","2019-05-31 17:08:33"
"meg","hippo-pay","2019-05-31 18:58:07"
"noel","hippo-pay-client","2019-05-31 21:42:29"
"steven","silverorange","2019-06-01 21:39:50"
"noel","hippo-pay-client","2019-06-01 22:35:04"
"steven","silverorange","2019-06-03 10:31:56"
"philip","emrap","2019-06-04 16:15:17"
"philip","emrap","2019-06-04 16:23:38"
"kendra","hippo","2019-06-05 18:50:23"
"someone","cfsc-api","2019-06-06 17:49:55"
"someone","cfsc-api","2019-06-06 17:50:56"
"someone","cfsc-api","2019-06-06 17:55:26"
"kendra","pcrap","2019-06-06 15:43:17"
"kendra","ucrap","2019-06-06 15:47:13"
"kendra","pedsrap","2019-06-06 15:49:04"
"someone","cfsc-api","2019-06-07 01:20:05"
"someone","cfsc-api","2019-06-07 01:27:41"
"someone","cfsc-api","2019-06-07 01:35:21"
"nick","silverorange","2019-06-10 10:02:31"
"meg","hippo-pay","2019-06-10 17:09:08"
"kendra","hippo","2019-06-10 20:36:19"
"rkotcher","hippo-pay","2019-06-11 06:23:22"
"kendra","ercast","2019-06-11 18:56:20"
"meg","ercast","2019-06-11 20:11:33"
"rkotcher","hippo-pay-admin","2019-06-11 21:03:35"
"kendra","papodcast","2019-06-12 13:46:11"
"kendra","hippo","2019-06-12 17:34:04"
"gauthierm","essentials","2019-06-17 19:22:39"
"noel","hippo-pay","2019-06-18 01:00:12"
"someone","cfsc-api","2019-06-18 14:24:26"
"someone","cfsc-api","2019-06-18 14:32:54"
"meg","pcrap","2019-06-18 17:36:57"
"meg","hippo","2019-06-18 18:24:13"
"meg","ucrap","2019-06-18 18:32:26"
"meg","pedsrap","2019-06-18 18:36:44"
"kendra","essentials","2019-06-19 15:22:36"
"kendra","ercast","2019-06-19 16:00:13"
"kendra","papodcast","2019-06-19 16:12:18"
"noel","hippo-pay","2019-06-19 16:47:07"
"noel","hippo-pay","2019-06-19 16:56:51"
"noel","hippo-pay","2019-06-19 18:14:51"
"noel","hippo-pay","2019-06-19 18:46:17"
"noel","hippo-pay","2019-06-20 17:54:31"
"noel","hippo-pay","2019-06-20 20:45:57"
"someone","cfsc-api","2019-06-21 19:25:20"
"someone","cfsc-api","2019-06-21 19:31:35"
"jake","cfsc-admin","2019-06-21 15:37:33"
"jake","cfsc-client","2019-06-21 15:42:21"
"jayme","iwk-chez-nicu-server","2019-06-24 14:27:19"
"jayme","emrap-go-server","2019-06-24 14:29:34"
"jayme","neon","2019-06-24 14:32:06"
"jayme","uas-oauth2-server","2019-06-24 15:40:58"
"jayme","uas-jsonapi-server","2019-06-24 15:42:28"
"jayme","hippo-pay","2019-06-24 15:43:20"
"jayme","hippo-sharp","2019-06-24 15:44:56"
"nick","emrap","2019-06-25 15:36:48"
"noel","hippo-pay-client","2019-06-25 17:13:55"
"nick","emrap","2019-06-26 15:33:33"
"kendra","hippo","2019-06-26 17:11:06"
"nick","emrap","2019-06-26 17:19:42"
"kendra","pcrap","2019-06-27 13:41:28"
"kendra","ucrap","2019-06-27 13:55:41"
"kendra","pedsrap","2019-06-27 13:59:41"
"kendra","hippo","2019-06-27 18:17:34"
"philip","emrap-search-tools","2019-07-01 18:11:52"
"meg","hippo-pay","2019-07-09 14:41:28"
"kendra","hippo","2019-07-09 14:52:26"
"isaac","starmaker","2019-07-09 15:25:40"
"isaac","starmaker","2019-07-09 15:36:41"
"meg","hippo","2019-07-09 17:33:26"
"noel","uas-jsonapi-server","2019-07-09 19:08:59"
"noel","acoep-platform","2019-07-09 19:54:06"
"kendra","uas-jsonapi-server","2019-07-10 15:51:30"
"meg","acoep-platform","2019-07-10 18:01:12"
"meg","hippo","2019-07-10 20:37:56"
"kendra","essentials","2019-07-11 13:03:31"
"meg","hippo","2019-07-11 13:57:51"
"kendra","ercast","2019-07-11 14:16:20"
"kendra","papodcast","2019-07-11 14:26:12"
"nick","emrap","2019-07-11 15:37:06"
"noel","acoep-platform","2019-07-11 19:56:34"
"philip","emrap-search-tools","2019-07-16 11:04:47"
"nick","course-host","2019-07-16 11:56:51"
"philip","emrap","2019-07-16 12:10:50"
"kendra","ercast","2019-07-16 19:53:02"
"nick","course-host","2019-07-19 12:08:57"
"kendra","pcrap","2019-07-19 12:43:10"
"steven","silverorange","2019-07-19 15:29:59"
"kendra","ucrap","2019-07-19 19:53:05"
"kendra","pedsrap","2019-07-19 19:58:18"
"meg","essentials","2019-07-22 15:06:36"
"charles","course-host","2019-07-22 16:01:45"
"charles","course-host","2019-07-22 16:22:10"
"meg","pcrap","2019-07-22 17:38:17"
"charles","course-host","2019-07-23 13:52:56"
"meg","pcrap","2019-07-25 16:27:07"
"meg","pedsrap","2019-07-25 16:27:07"
"meg","ucrap","2019-07-25 16:27:07"
"gauthierm","emrap","2019-07-25 18:42:08"
"keith","emrap","2019-07-26 14:55:12"
"kendra","hippo","2019-07-29 18:55:44"
"kendra","hippo","2019-07-30 12:51:06"
"kendra","hippo","2019-07-31 15:34:32"
"steven","silverorange","2019-07-31 16:20:24"
"kendra","essentials","2019-07-31 18:40:15"
"meg","uas-jsonapi-server","2019-08-01 12:40:24"
"meg","hippo-pay","2019-08-01 12:43:09"
"meg","uas-jsonapi-server","2019-08-01 14:29:38"
"nick","course-host","2019-08-02 17:02:40"
"meg","starmaker","2019-08-02 17:28:16"
"someone","cfsc-api","2019-08-05 16:12:39"
"someone","cfsc-api","2019-08-05 16:18:52"
"jake","cfsc-client","2019-08-05 12:30:35"
"gauthierm","hippo-pay-client","2019-08-06 19:44:55"
"nick","course-host","2019-08-07 10:37:08"
"nick","emrap","2019-08-07 12:24:51"
"jake","cfsc-admin","2019-08-07 15:00:48"
"charles","starmaker","2019-08-13 14:06:20"
"isaac","starmaker","2019-08-14 12:06:36"
"kendra","pcrap","2019-08-14 15:35:51"
"kendra","ucrap","2019-08-14 15:38:57"
"kendra","pedsrap","2019-08-14 15:43:10"
"meg","ercast","2019-08-15 10:01:10"
"kendra","essentials","2019-08-15 15:30:07"
"meg","pcrap","2019-08-16 20:12:41"
"kendra","ucrap","2019-08-16 20:22:06"
"kendra","pedsrap","2019-08-16 20:25:23"
"nick","silverorange","2019-08-19 12:13:14"
"nick","course-host","2019-08-20 11:27:27"
"nick","course-host","2019-08-20 11:52:08"
"nick","course-host","2019-08-20 12:31:49"
"meg","hippo","2019-08-20 19:27:24"
"kendra","ercast","2019-08-20 20:00:16"
"kendra","papodcast","2019-08-20 20:03:24"
"jayme","emrap-fire-daemon","2019-08-21 08:53:41"
"jayme","emrap-fire-daemon","2019-08-21 09:17:27"
"kendra","essentials","2019-08-21 13:12:42"
"nick","emrap","2019-08-21 15:02:17"
"nick","emrap","2019-08-21 16:13:48"
"isaac","starmaker","2019-08-22 18:06:06"
"isaac","starmaker","2019-08-22 18:08:29"
"charles","emrap-fire-daemon","2019-08-26 11:35:44"
"charles","emrap","2019-08-26 17:08:24"
"kendra","hippo","2019-08-26 21:07:44"
"steven","silverorange","2019-08-27 09:50:34"
"gauthierm","hippo-pay","2019-08-27 20:20:27"
"meg","hippo-pay","2019-08-28 13:45:36"
"someone","cfsc-api","2019-08-29 23:08:40"
"kendra","hippo","2019-08-29 20:11:55"
"someone","cfsc-api","2019-08-29 23:15:25"
"someone","cfsc-api","2019-08-30 17:08:41"
"someone","cfsc-api","2019-08-30 17:15:31"
"charleswaddell","cfsc-client","2019-08-30 14:44:07"
"kendra","pcrap","2019-09-05 15:32:02"
"kendra","pedsrap","2019-09-05 15:44:37"
"kendra","pedsrap","2019-09-05 15:46:43"
"gauthierm","cfsc-client","2019-09-06 10:10:57"
"gauthierm","cfsc-client","2019-09-06 11:17:11"
"nick","course-host","2019-09-09 12:14:06"
"kendra","hippo","2019-09-09 12:52:33"
"meg","pcrap","2019-09-09 13:31:57"
"meg","pedsrap","2019-09-09 13:34:49"
"meg","ucrap","2019-09-09 13:34:59"
"meg","pcrap","2019-09-10 16:18:07"
"meg","ucrap","2019-09-10 17:23:33"
"meg","pedsrap","2019-09-10 17:30:54"
"kendra","pcrap","2019-09-10 18:30:38"
"kendra","ucrap","2019-09-10 18:34:27"
"kendra","pedsrap","2019-09-10 18:37:15"
"kendra","ercast","2019-09-10 18:44:02"
"kendra","papodcast","2019-09-10 18:48:01"
"kendra","pcrap","2019-09-11 18:39:25"
"kendra","ucrap","2019-09-11 18:48:46"
"kendra","pedsrap","2019-09-11 18:52:05"
"kendra","ercast","2019-09-11 18:53:15"
"kendra","papodcast","2019-09-11 18:55:13"
"kendra","hippo","2019-09-11 20:37:11"
"meg","pcrap","2019-09-12 17:39:54"
"meg","ucrap","2019-09-12 17:42:37"
"meg","pedsrap","2019-09-12 17:44:23"
"kendra","essentials","2019-09-16 17:16:02"
"kendra","essentials","2019-09-16 17:47:07"
"kendra","essentials","2019-09-16 18:37:18"
"kendra","hippo","2019-09-17 18:23:56"
"kendra","pcrap","2019-09-17 18:53:18"
"kendra","ucrap","2019-09-17 18:57:56"
"kendra","pedsrap","2019-09-17 19:03:42"
"kendra","ercast","2019-09-17 19:10:34"
"meg","ercast","2019-09-19 13:53:10"
"meg","papodcast","2019-09-19 13:57:32"
"kendra","pcrap","2019-09-20 20:00:23"
"kendra","ucrap","2019-09-20 20:11:18"
"kendra","pedsrap","2019-09-20 20:31:16"
"nick","emrap","2019-09-23 13:17:18"
"meg","uas-jsonapi-server","2019-09-23 15:33:27"
"meg","pcrap","2019-09-23 20:25:25"
"meg","pedsrap","2019-09-23 20:26:23"
"meg","ucrap","2019-09-23 20:27:12"
"kendra","pcrap","2019-09-25 13:52:45"
"charles","emrap","2019-09-25 14:10:41"
"kendra","hippo","2019-09-25 14:23:38"
"kendra","ucrap","2019-09-25 17:35:12"
"kendra","pedsrap","2019-09-25 17:40:08"
"kendra","ercast","2019-09-25 17:44:27"
"kendra","pcrap","2019-09-25 19:59:58"
"jake","cfsc-client","2019-09-27 10:18:37"
"meg","hippo-ed","2019-09-30 12:57:37"
"steven","course-host","2019-09-30 13:47:23"
"jake","cfsc-client","2019-09-30 13:05:34"
"nick","emrap","2019-09-30 15:28:28"
"steven","course-host","2019-10-01 13:44:21"
"jayme","emrap-corependium","2019-10-03 12:06:46"
"jayme","emrap-corependium-server","2019-10-03 12:13:39"
"jayme","emrap-corependium-client","2019-10-03 12:23:50"
"kendra","essentials","2019-10-03 15:03:44"
"jayme","emrap-corependium-server","2019-10-07 10:02:58"
"jayme","emrap-corependium-client","2019-10-07 10:09:14"
"jayme","neon","2019-10-07 14:16:49"
"jayme","ucrap","2019-10-07 15:20:05"
"philip","emrap","2019-10-07 16:48:24"
"jayme","emrap-corependium-chapter-importer","2019-10-07 19:46:36"
"jayme","emrap-corependium-server","2019-10-07 19:48:37"
"jayme","emrap-corependium-client","2019-10-07 19:54:15"
"isaac","starmaker","2019-10-08 13:39:49"
"jayme","emrap-corependium-chapter-importer","2019-10-08 16:40:51"
"jayme","emrap-corependium-server","2019-10-08 16:45:22"
"keith","emrap-corependium-client","2019-10-10 10:14:26"
"keith","emrap-corependium-client","2019-10-10 10:23:52"
"keith","silverorange","2019-10-10 10:25:40"
"keith","silverorange","2019-10-10 10:29:19"
"keith","silverorange","2019-10-10 10:40:34"
"kendra","papodcast","2019-10-10 13:12:42"
"nick","emrap-corependium-server","2019-10-11 10:39:06"
"nick","emrap-corependium-client","2019-10-11 10:41:53"
"nick","emrap-corependium-chapter-importer","2019-10-11 11:30:45"
"nick","emrap-corependium-server","2019-10-11 11:31:48"
"nick","emrap-corependium-chapter-importer","2019-10-11 12:32:26"
"nick","emrap-corependium-server","2019-10-11 12:53:50"
"nick","emrap-corependium-client","2019-10-11 14:36:04"
"jingwen","course-host","2019-10-15 11:25:32"
"jingwen","course-host","2019-10-15 11:48:54"
"meg","pcrap","2019-10-15 12:45:05"
"meg","ucrap","2019-10-15 12:50:32"
"meg","pedsrap","2019-10-15 12:51:36"
"meg","ercast","2019-10-15 12:56:59"
"jayme","course-host","2019-10-16 09:53:23"
"jingwen","course-host","2019-10-16 09:58:41"
"kendra","papodcast","2019-10-16 19:47:28"
"kendra","hippo","2019-10-16 20:00:18"
"nick","emrap-corependium-server","2019-10-18 10:45:17"
"nick","emrap-corependium-client","2019-10-18 12:12:33"
"jayme","emrap-corependium-server","2019-10-18 14:04:59"
"jayme","emrap-corependium-client","2019-10-18 14:11:09"
"nick","emrap-corependium-client","2019-10-21 14:10:51"
"nick","emrap-corependium-server","2019-10-21 15:19:15"
"nick","emrap-corependium-chapter-importer","2019-10-21 15:24:06"
"nick","emrap-corependium-client","2019-10-22 10:07:51"
"nick","emrap-corependium-server","2019-10-22 10:09:49"
"nick","emrap-corependium-client","2019-10-23 09:50:42"
"nick","emrap-corependium-server","2019-10-23 09:52:47"
"nick","emrap-corependium-client","2019-10-23 11:43:23"
"nick","emrap-corependium-chapter-importer","2019-10-24 11:51:51"
"nick","emrap-corependium-server","2019-10-24 11:54:36"
"nick","emrap-corependium-client","2019-10-24 11:58:17"
"kendra","hippo-pay-admin","2019-10-24 16:10:52"
"kendra","hippo-pay","2019-10-24 16:11:15"
"kendra","uas-oauth2-server","2019-10-24 16:11:32"
"kendra","uas-jsonapi-server","2019-10-24 16:12:00"
"nick","emrap-corependium-client","2019-10-25 10:56:56"
"nick","emrap-corependium-chapter-importer","2019-10-25 10:58:39"
"nick","emrap-corependium-server","2019-10-25 11:02:11"
"nick","emrap-corependium-client","2019-10-25 13:12:08"
"nick","emrap-corependium-client","2019-10-25 15:41:18"
"nick","emrap-corependium-server","2019-10-25 15:43:28"
"nick","emrap-corependium-server","2019-10-25 15:49:23"
"nick","emrap-corependium-client","2019-10-25 15:53:49"
"nick","emrap-corependium-client","2019-10-25 17:13:42"
"gauthierm","uas-jsonapi-server","2019-10-25 18:49:22"
"gauthierm","uas-jsonapi-server","2019-10-25 19:00:36"
"nick","emrap-corependium-chapter-importer","2019-10-28 14:32:42"
"nick","emrap-corependium-server","2019-10-28 14:35:44"
"nick","emrap-corependium-chapter-importer","2019-10-28 14:39:18"
"nick","emrap-corependium-client","2019-10-28 14:49:14"
"nick","emrap-corependium-server","2019-10-28 19:37:45"
"nick","emrap-corependium-client","2019-10-28 19:42:28"
"nick","emrap-corependium-client","2019-10-29 12:48:56"
"nick","emrap-corependium-chapter-importer","2019-10-29 12:50:38"
"nick","emrap-corependium-server","2019-10-29 12:52:31"
"gauthierm","emrap","2019-10-29 14:17:29"
"nick","emrap-corependium-client","2019-10-29 14:33:27"
"meg","uas-jsonapi-server","2019-10-29 16:19:41"
"meg","hippo-pay-admin","2019-10-29 16:59:06"
"philip","emrap","2019-11-01 12:54:58"
"kendra","essentials","2019-11-01 13:05:51"
"philip","emrap","2019-11-01 14:24:52"
"kendra","essentials","2019-11-01 19:57:29"
"jingwen","course-host","2019-11-04 12:06:08"
"keith","course-host","2019-11-04 15:22:45"
"keith","course-host","2019-11-04 15:24:21"
"keith","course-host","2019-11-04 15:27:19"
"jingwen","course-host","2019-11-04 15:29:18"
"kendra","essentials","2019-11-04 20:19:38"
"charles","emrap-fire-daemon","2019-11-05 11:08:51"
"isaac","course-host","2019-11-05 11:56:26"
"meg","uas-jsonapi-server","2019-11-05 14:07:17"
"meg","uas-jsonapi-server","2019-11-05 14:12:53"
"meg","uas-jsonapi-server","2019-11-05 17:39:02"
"meg","hippo-pay-admin","2019-11-05 17:45:07"
"charles","emrap-fire-daemon","2019-11-07 11:51:29"
"philip","emrap-corependium-client","2019-11-07 13:37:23"
"isaac","course-host","2019-11-08 12:27:33"
"gauthierm","hippo-pay-admin","2019-11-08 13:16:29"
"gauthierm","uas-jsonapi-server","2019-11-08 15:28:05"
"gauthierm","uas-jsonapi-server","2019-11-08 16:04:24"
"gauthierm","hippo-pay-admin","2019-11-08 17:17:23"
"gauthierm","uas-oauth2-server","2019-11-08 19:51:02"
"gauthierm","hippo-pay-admin","2019-11-08 19:55:40"
"philip","emrap-corependium-client","2019-11-12 10:55:36"
"gauthierm","video-platform-client","2019-11-12 14:26:48"
"gauthierm","video-platform-client","2019-11-12 15:22:11"
"gauthierm","hippo-pay","2019-11-12 15:39:22"
"gauthierm","hippo-pay-client","2019-11-12 15:42:40"
"gauthierm","hippo-pay-admin","2019-11-12 20:49:52"
"gauthierm","video-platform-client","2019-11-12 22:42:33"
"charles","course-host","2019-11-13 13:53:14"
"philip","emrap","2019-11-13 17:02:31"
"jingwen","course-host","2019-11-14 13:55:51"
"meg","video-platform-client","2019-11-14 13:58:20"
"meg","hippo-pay-client","2019-11-14 13:58:26"
"jingwen","course-host","2019-11-14 14:09:02"
"jingwen","course-host","2019-11-14 14:11:08"
"jingwen","course-host","2019-11-14 14:12:30"
"nick","emrap","2019-11-14 16:42:46"
"isaac","starmaker","2019-11-14 18:06:03"
"jingwen","course-host","2019-11-18 10:01:09"
"nick","emrap-corependium-server","2019-11-19 10:06:45"
"jingwen","course-host","2019-11-19 10:24:23"
"nick","emrap-corependium-client","2019-11-19 10:33:14"
"charles","course-host","2019-11-19 11:57:33"
"nick","emrap-corependium-server","2019-11-19 15:37:20"
"gauthierm","video-platform-client","2019-11-20 13:47:59"
"nick","emrap-corependium-server","2019-11-20 15:34:41"
"nick","emrap-corependium-client","2019-11-20 15:38:31"
"brandon","uas-jsonapi-server","2019-11-20 18:15:31"
"meg","uas-jsonapi-server","2019-11-20 18:36:04"
"brandon","qbank-react","2019-11-20 18:43:16"
"kendra","hippo-ed","2019-11-20 19:03:52"
"kendra","hippo","2019-11-20 19:09:24"
"kendra","essentials","2019-11-20 19:09:43"
"kendra","pcrap","2019-11-20 19:13:43"
"kendra","ucrap","2019-11-20 19:15:51"
"kendra","pedsrap","2019-11-20 19:17:33"
"kendra","ercast","2019-11-20 19:19:39"
"kendra","papodcast","2019-11-20 19:21:34"
"gauthierm","uas-graphql-server","2019-11-20 19:33:19"
"nick","emrap-corependium-client","2019-11-21 11:40:45"
"nick","emrap-corependium-server","2019-11-21 11:47:40"
"jingwen","course-host","2019-11-21 11:50:17"
"meg","essentials","2019-11-21 13:14:13"
"gauthierm","uas-graphql-server","2019-11-21 13:52:53"
"jingwen","course-host","2019-11-21 14:14:59"
"gauthierm","uas-graphql-server","2019-11-21 14:30:00"
"nick","emrap","2019-11-21 14:46:41"
"nick","emrap-corependium-client","2019-11-21 16:04:36"
"nick","emrap","2019-11-21 16:32:19"
"gauthierm","uas-graphql-server","2019-11-21 18:22:42"
"kendra","essentials","2019-11-21 19:22:04"
"kendra","hippo","2019-11-22 18:28:40"
"gauthierm","video-platform-client","2019-11-22 18:44:56"
"gauthierm","uas-jsonapi-server","2019-11-22 18:55:25"
"kendra","hippo","2019-11-22 20:15:31"
"someone","cfsc-api","2019-11-24 08:01:52"
"someone","cfsc-api","2019-11-24 12:20:29"
"philip","emrap-corependium-client","2019-12-02 10:38:27"
"philip","emrap-corependium-server","2019-12-02 10:42:12"
"jingwen","course-host","2019-12-02 11:07:53"
"gauthierm","video-platform-client","2019-12-03 14:18:28"
"gauthierm","uas-graphql-server","2019-12-03 14:22:02"
"gauthierm","video-platform-client","2019-12-03 14:25:17"
"kendra","hippo","2019-12-03 14:51:40"
"gauthierm","video-platform-client","2019-12-03 19:02:47"
"gauthierm","video-platform-client","2019-12-03 19:20:59"
"gauthierm","hippo-pay-client","2019-12-04 17:12:10"
"gauthierm","uas-jsonapi-server","2019-12-04 17:15:09"
"gauthierm","hippo-pay-admin","2019-12-04 17:18:40"
"gauthierm","hippo-pay-admin","2019-12-04 17:42:25"
"gauthierm","hippo","2019-12-04 18:14:57"
"gauthierm","uas-graphql-server","2019-12-04 18:17:00"
"gauthierm","video-platform-client","2019-12-04 18:22:53"
"kendra","hippo","2019-12-04 19:41:40"
"kendra","hippo","2019-12-04 20:00:41"
"gauthierm","uas-graphql-server","2019-12-04 20:05:31"
"gauthierm","uas-graphql-server","2019-12-04 20:26:32"
"gauthierm","uas-graphql-server","2019-12-05 13:02:57"
"gauthierm","hippo-pay-admin","2019-12-05 13:06:52"
"jingwen","course-host","2019-12-05 13:33:45"
"gauthierm","video-platform-client","2019-12-05 13:54:56"
"gauthierm","video-platform-client","2019-12-05 14:10:02"
"gauthierm","hippo-pay-admin","2019-12-05 14:14:09"
"gauthierm","uas-graphql-server","2019-12-05 14:23:31"
"jingwen","course-host","2019-12-05 15:50:41"
"gauthierm","uas-graphql-server","2019-12-05 17:47:31"
"gauthierm","uas-jsonapi-server","2019-12-05 17:55:07"
"kendra","hippo","2019-12-05 18:01:25"
"someone","cfsc-api","2019-12-09 15:09:10"
"someone","cfsc-api","2019-12-09 15:15:15"
"nick","emrap-go-client","2019-12-09 13:56:16"
"nick","emrap-go-server","2019-12-09 13:59:35"
"charles","emrap","2019-12-09 14:11:02"
"charles","course-host","2019-12-09 14:12:01"
"charles","emrap","2019-12-09 14:29:59"
"nick","emrap","2019-12-09 15:02:01"
"gauthierm","uas-jsonapi-server","2019-12-09 19:34:07"
"gauthierm","uas-graphql-server","2019-12-09 19:37:22"
"gauthierm","video-platform-client","2019-12-09 19:42:21"
"gauthierm","uas-jsonapi-server","2019-12-10 12:22:04"
"jingwen","course-host","2019-12-10 13:41:48"
"gauthierm","uas-jsonapi-server","2019-12-10 15:57:58"
"jingwen","course-host","2019-12-10 16:28:19"
"gauthierm","uas-jsonapi-server","2019-12-10 16:47:56"
"gauthierm","uas-jsonapi-server","2019-12-10 17:39:40"
"kendra","hippo","2019-12-10 17:54:23"
"gauthierm","uas-jsonapi-server","2019-12-10 18:04:00"
"gauthierm","hippo","2019-12-10 19:35:34"
"gauthierm","uas-jsonapi-server","2019-12-10 19:47:02"
"jingwen","course-host","2019-12-11 14:38:12"
"gauthierm","uas-jsonapi-server","2019-12-11 17:07:13"
"gauthierm","uas-graphql-server","2019-12-11 17:08:52"
"gauthierm","video-platform-client","2019-12-11 17:11:28"
"meg","ercast","2019-12-11 17:18:38"
"meg","papodcast","2019-12-11 17:20:21"
"meg","essentials","2019-12-11 17:24:10"
"meg","hippo","2019-12-11 17:30:43"
"meg","hippo","2019-12-11 17:36:21"
"meg","hippo-ed","2019-12-11 17:39:12"
"meg","qbank-react","2019-12-11 17:42:54"
"gauthierm","video-platform-client","2019-12-11 17:53:38"
"meg","qbank-react","2019-12-11 17:54:09"
"gauthierm","ucrap","2019-12-11 17:57:46"
"gauthierm","pedsrap","2019-12-11 18:00:06"
"gauthierm","pcrap","2019-12-11 18:02:29"
"gauthierm","ercast","2019-12-11 18:07:10"
"meg","hippo","2019-12-11 18:36:52"
"meg","video-platform-client","2019-12-11 20:34:14"
"brandon","qbank-react","2019-12-12 12:29:21"
"kendra","video-platform-client","2019-12-12 12:55:10"
"gauthierm","video-platform-client","2019-12-12 18:02:46"
"gauthierm","video-platform-client","2019-12-12 18:50:24"
"gauthierm","video-platform-client","2019-12-12 19:19:25"
"gauthierm","video-platform-client","2019-12-12 19:56:37"
"meg","hippo","2019-12-13 16:18:14"
"gauthierm","video-platform-client","2019-12-13 19:21:17"
"nick","emrap-corependium-client","2019-12-16 11:58:56"
"brandon","acoep-platform","2019-12-17 12:14:45"
"brandon","acoep-platform","2019-12-17 12:19:20"
"kendra","essentials","2019-12-17 12:56:06"
"jingwen","course-host","2019-12-17 13:29:55"
"nick","emrap","2019-12-18 09:57:10"
"brandon","uas-jsonapi-server","2019-12-18 11:09:48"
"brandon","uas-jsonapi-server","2019-12-18 11:30:47"
"nick","emrap-corependium-chapter-importer","2019-12-18 12:04:20"
"nick","emrap-corependium-server","2019-12-18 12:06:23"
"nick","emrap-corependium-client","2019-12-18 12:10:53"
"someone","cfsc-api","2019-12-18 20:43:55"
"someone","cfsc-api","2019-12-18 20:50:21"
"kendra","hippo","2019-12-18 20:56:58"
"nick","emrap-corependium-chapter-importer","2019-12-19 10:48:08"
"nick","emrap-corependium-server","2019-12-19 10:51:31"
"jacob","uas-jsonapi-server","2019-12-19 14:19:49"
"nick","course-host","2019-12-19 14:42:50"
"gauthierm","emrap-corependium-client","2019-12-19 15:55:26"
"gauthierm","emrap-corependium-server","2019-12-19 15:57:00"
"meg","pcrap","2019-12-19 18:03:49"
"meg","ucrap","2019-12-19 18:11:28"
"meg","papodcast","2019-12-20 12:41:29"
"meg","ercast","2019-12-20 12:57:16"
"isaac","starmaker","2019-12-20 16:34:26"
"isaac","starmaker","2019-12-20 16:37:28"
"meg","essentials","2019-12-20 19:11:12"
"meg","pedsrap","2019-12-20 19:13:38"
"meg","essentials","2019-12-20 19:13:49"
"isaac","starmaker","2019-12-21 15:50:46"
"kendra","hippo","2019-12-23 15:01:51"
"gauthierm","hippo","2019-12-30 19:03:09"
"meg","hippo","2020-01-01 09:10:35"
"rkotcher","uas-jsonapi-server","2020-01-02 17:00:46"
"rkotcher","uas-jsonapi-server","2020-01-02 17:17:20"
"rkotcher","uas-jsonapi-server","2020-01-03 17:13:18"
"brandon","video-platform-client","2020-01-03 17:58:19"
"someone","cfsc-api","2020-01-06 13:51:28"
"someone","cfsc-api","2020-01-06 13:57:49"
"charles","starmaker","2020-01-06 14:33:47"
"meg","hippo","2020-01-06 15:58:55"
"meg","hippo","2020-01-06 18:22:37"
"kendra","hippo-ed","2020-01-06 18:38:27"
"kendra","hippo-pay-client","2020-01-06 19:51:32"
"philip","emrap-corependium-chapter-importer","2020-01-07 15:21:56"
"philip","emrap-corependium-server","2020-01-07 15:22:58"
"meg","hippo","2020-01-07 15:51:24"
"nick","emrap","2020-01-07 16:08:44"
"rkotcher","uas-jsonapi-server","2020-01-08 16:01:26"
"rkotcher","uas-jsonapi-server","2020-01-08 18:46:25"
"nick","emrap","2020-01-09 10:16:25"
"charles","starmaker","2020-01-09 14:49:18"
"jingwen","course-host","2020-01-09 17:15:29"
"nick","emrap","2020-01-10 10:25:49"
"kendra","hippo","2020-01-10 17:55:14"
"jacob","uas-jsonapi-server","2020-01-13 16:43:27"
"jacob","uas-graphql-server","2020-01-13 16:48:06"
"nick","emrap","2020-01-14 13:58:24"
"philip","emrap-corependium-client","2020-01-14 14:49:22"
"nick","emrap","2020-01-15 11:58:32"
"jacob","video-platform-client","2020-01-15 12:26:28"
"nick","emrap","2020-01-15 15:34:55"
"kendra","hippo-pay-client","2020-01-22 13:26:07"
"jingwen","course-host","2020-01-23 10:06:44"
"jacob","video-platform-client","2020-01-23 16:18:36"
"meg","hippo","2020-01-23 16:20:32"
"meg","essentials","2020-01-24 12:54:28"
"meg","papodcast","2020-01-24 13:06:02"
"meg","ercast","2020-01-24 13:06:02"
"meg","hippo","2020-01-24 15:00:52"
"nick","emrap","2020-01-27 15:07:01"
"kendra","essentials","2020-01-27 21:07:10"
"kendra","essentials","2020-01-28 19:03:33"
"kendra","hippo","2020-01-29 14:10:07"
"nick","emrap","2020-01-29 15:50:36"
"someone","cfsc-api","2020-01-30 16:16:48"
"someone","cfsc-api","2020-01-30 16:23:01"
"nick","emrap","2020-01-31 11:13:39"
"nick","emrap-corependium-server","2020-01-31 12:59:47"
"nick","emrap-corependium-client","2020-01-31 13:09:15"
"isaac","starmaker","2020-01-31 15:16:24"
"nick","emrap-corependium-client","2020-01-31 15:38:35"
"jingwen","course-host","2020-02-03 10:16:52"
"nick","emrap","2020-02-03 15:02:24"
"meg","ucrap","2020-02-04 19:42:33"
"nick","emrap","2020-02-05 12:16:29"
"charles","course-host","2020-02-06 16:04:34"
"kendra","pcrap","2020-02-06 16:20:53"
"kendra","pedsrap","2020-02-06 16:41:36"
"kendra","ucrap","2020-02-06 16:45:34"
"kendra","ercast","2020-02-06 16:49:33"
"kendra","papodcast","2020-02-06 16:53:08"
"isaac","starmaker","2020-02-06 18:06:02"
"charles","course-host","2020-02-11 11:07:36"
"nick","emrap","2020-02-11 16:40:58"
"jingwen","course-host","2020-02-13 10:29:39"
"someone","cfsc-api","2020-02-13 18:39:32"
"someone","cfsc-api","2020-02-13 18:45:57"
"gauthierm","silverorange","2020-02-14 16:22:01"
"charles","course-host","2020-02-19 10:13:37"
"charles","course-host","2020-02-19 16:48:43"
"rkotcher","hippo-pay-client","2020-02-19 20:25:39"
"jingwen","course-host","2020-02-20 11:35:24"
"philip","emrap-corependium-server","2020-02-20 18:12:35"
"gauthierm","emrap-corependium-client","2020-02-20 18:21:36"
"nick","emrap","2020-02-21 11:34:35"
"someone","cfsc-api","2020-02-21 16:56:37"
"someone","cfsc-api","2020-02-21 17:02:49"
"isaac","starmaker","2020-02-21 13:48:23"
"nick","emrap-corependium-client","2020-02-21 14:47:48"
"nick","emrap-corependium-client","2020-02-21 16:32:13"
"jingwen","course-host","2020-02-24 17:01:21"
"charles","course-host","2020-02-25 13:17:17"
"meg","hippo","2020-02-28 18:05:43"
"meg","hippo","2020-03-02 12:59:17"
"meg","essentials","2020-03-02 14:38:04"
"meg","pcrap","2020-03-02 17:40:00"
"meg","pedsrap","2020-03-02 17:43:44"
"meg","ucrap","2020-03-02 17:45:16"
"meg","hippo","2020-03-02 17:50:40"
"meg","ercast","2020-03-02 17:57:04"
"meg","papodcast","2020-03-02 17:59:54"
"keith","emrap","2020-03-04 16:28:34"
"keith","emrap","2020-03-04 17:19:33"
"philip","emrap-corependium-server","2020-03-05 16:29:28"
"philip","emrap-corependium-client","2020-03-05 16:34:16"
"philip","emrap","2020-03-05 16:49:16"
"steven","silverorange","2020-03-09 09:44:07"
"someone","cfsc-api","2020-03-09 16:07:28"
"someone","cfsc-api","2020-03-09 16:13:57"
"philip","emrap-corependium-client","2020-03-10 10:35:22"
"keith","emrap-fire-daemon","2020-03-11 10:33:08"
"keith","emrap-fire-daemon","2020-03-11 10:39:01"
"jayme","emrap-fire-daemon","2020-03-11 11:19:09"
"philip","emrap-corependium-client","2020-03-11 11:37:11"
"keith","emrap-fire-daemon","2020-03-11 11:59:27"
"nick","emrap","2020-03-11 15:46:12"
"jingwen","course-host","2020-03-11 15:49:50"
"nick","emrap-corependium-client","2020-03-11 16:49:00"
"philip","emrap-corependium-client","2020-03-13 09:39:24"
"philip","emrap-corependium-client","2020-03-13 10:52:45"
"philip","emrap-corependium-server","2020-03-13 11:09:47"
"nick","emrap-corependium-client","2020-03-13 13:57:27"
"gauthierm","emrap-fire-daemon","2020-03-13 17:49:27"
"isaac","course-host","2020-03-13 21:30:45"
"nick","emrap","2020-03-16 10:45:00"
"isaac","starmaker","2020-03-16 20:37:20"
"jingwen","course-host","2020-03-17 10:59:14"
"jingwen","course-host","2020-03-17 14:47:20"
"philip","emrap","2020-03-17 17:18:59"
"keith","emrap-fire-daemon","2020-03-18 17:26:53"
"philip","emrap-corependium-client","2020-03-19 11:09:41"
"gauthierm","emrap-corependium-client","2020-03-19 16:38:00"
"someone","cfsc-api","2020-03-19 22:01:46"
"someone","cfsc-api","2020-03-19 22:07:55"
"charles","course-host","2020-03-23 10:04:03"
"nick","emrap","2020-03-23 13:48:33"
"nick","emrap-go-client","2020-03-23 14:02:06"
"nick","emrap-go-client","2020-03-23 15:23:11"
"nick","emrap","2020-03-23 16:51:43"
"kendra","hippo","2020-03-23 21:57:02"
"gauthierm","uas-jsonapi-server","2020-03-24 17:47:18"
"gauthierm","uas-jsonapi-server","2020-03-24 17:50:56"
"philip","emrap-corependium-client","2020-03-25 12:19:38"
"kendra","essentials","2020-03-25 23:53:28"
"kendra","hippo","2020-03-26 00:16:33"
"kendra","hippo","2020-03-26 00:21:39"
"kendra","papodcast","2020-03-26 00:24:48"
"someone","cfsc-api","2020-03-26 14:09:29"
"someone","cfsc-api","2020-03-26 14:15:54"
"jacob","uas-jsonapi-server","2020-03-26 14:13:50"
"nick","emrap-corependium-client","2020-03-26 14:43:21"
"jacob","uas-jsonapi-server","2020-03-26 14:53:05"
"nick","emrap","2020-03-26 14:58:21"
"kendra","papodcast","2020-03-26 15:52:00"
"kendra","essentials","2020-03-26 20:42:36"
"kendra","ercast","2020-03-27 18:16:28"
"kendra","hippo","2020-03-27 19:53:53"
"nick","emrap-corependium-server","2020-03-30 10:40:13"
"nick","emrap-corependium-client","2020-03-30 10:42:43"
"nick","emrap-corependium-client","2020-03-30 11:00:02"
"nick","emrap-corependium-client","2020-03-30 12:41:50"
"kendra","video-platform-client","2020-03-30 17:31:12"
"meg","hippo","2020-03-30 19:37:09"
"nick","emrap-corependium-server","2020-03-31 10:12:24"
"meg","ercast","2020-03-31 13:47:12"
"meg","hippo-pay-client","2020-03-31 13:50:10"
"jingwen","course-host","2020-04-01 10:47:35"
"jingwen","course-host","2020-04-01 10:58:47"
"jingwen","course-host","2020-04-01 13:38:06"
"nick","emrap","2020-04-01 22:17:58"
"nick","emrap-go-client","2020-04-03 19:50:19"
"nick","emrap-go-client","2020-04-03 20:11:20"
"jingwen","course-host","2020-04-06 17:01:26"
"meg","ercast","2020-04-06 18:13:48"
"philip","emrap","2020-04-07 10:25:38"
"nick","emrap","2020-04-08 11:10:16"
"someone","cfsc-api","2020-04-08 18:46:36"
"someone","cfsc-api","2020-04-08 18:52:58"
"keith","emrap-fire-daemon","2020-04-09 16:20:56"
"nick","emrap-corependium-client","2020-04-14 10:10:15"
"philip","emrap","2020-04-14 12:55:00"
"isaac","starmaker","2020-04-15 11:45:05"
"nick","emrap-corependium-server","2020-04-16 13:09:23"
"nick","emrap-corependium-client","2020-04-16 14:02:00"
"meg","hippo","2020-04-20 13:29:00"
"jingwen","course-host","2020-04-21 11:33:24"
"jingwen","course-host","2020-04-21 15:00:02"
"meg","hippo","2020-04-21 15:09:54"
"philip","emrap-corependium-server","2020-04-23 14:44:08"
"philip","emrap-corependium-client","2020-04-23 15:34:31"
"nick","emrap-corependium-client","2020-04-24 10:16:50"
"philip","emrap-fire-daemon","2020-04-24 10:42:50"
"jake","cfsc-client","2020-04-24 12:04:00"
"kendra","hippo","2020-04-24 13:53:46"
"jacob","hippo-pay","2020-04-24 17:30:23"
"jacob","uas-jsonapi-server","2020-04-27 16:39:51"
"jacob","video-platform-client","2020-04-27 17:33:43"
"jacob","uas-jsonapi-server","2020-04-27 18:16:02"
"jacob","video-platform-client","2020-04-27 21:56:11"
"jacob","video-platform-client","2020-04-28 12:49:17"
"gauthierm","hippo","2020-04-28 17:38:05"
"jingwen","course-host","2020-04-29 11:28:52"
"jingwen","course-host","2020-04-29 11:39:34"
"brandon","hippo","2020-04-29 19:44:35"
"jacob","uas-jsonapi-server","2020-04-30 19:14:22"
"meg","video-platform-client","2020-04-30 19:40:09"
"nick","emrap-corependium-server","2020-05-01 09:47:28"
"nick","emrap-corependium-client","2020-05-01 09:54:08"
"keith","emrap-fire-daemon","2020-05-01 10:38:19"
"jingwen","course-host","2020-05-01 15:00:31"
"gauthierm","emrap-fire-daemon","2020-05-01 18:39:20"
"gauthierm","emrap-fire-daemon","2020-05-01 18:48:31"
"jacob","uas-jsonapi-server","2020-05-04 16:35:38"
"jacob","video-platform-client","2020-05-04 16:54:10"
"philip","emrap-corependium-server","2020-05-04 17:35:47"
"charles","course-host","2020-05-04 18:16:46"
"nick","emrap","2020-05-05 16:03:00"
"jingwen","course-host","2020-05-06 10:32:07"
"charles","essentials","2020-05-06 13:33:10"
"charles","essentials","2020-05-06 13:34:20"
"jingwen","course-host","2020-05-06 14:34:12"
"charles","hippo","2020-05-06 14:56:07"
"charles","pcrap","2020-05-06 15:15:48"
"nick","emrap-corependium-server","2020-05-06 17:06:52"
"jacob","video-platform-client","2020-05-06 17:19:51"
"charles","ucrap","2020-05-07 14:45:06"
"charles","ercast","2020-05-07 14:50:45"
"charles","pedsrap","2020-05-07 14:55:50"
"charles","papodcast","2020-05-07 15:07:09"
"philip","emrap-corependium-server","2020-05-07 15:25:10"
"philip","emrap-corependium-client","2020-05-07 15:28:26"
"jingwen","course-host","2020-05-08 10:40:02"
"jingwen","course-host","2020-05-08 13:51:27"
"kendra","hippo-ed","2020-05-08 15:32:08"
"kendra","essentials","2020-05-08 20:00:42"
"nick","emrap-corependium-client","2020-05-11 08:58:39"
"nick","emrap-corependium-server","2020-05-11 09:01:50"
"charles","surviving-infancy","2020-05-11 09:37:21"
"charles","course-host","2020-05-11 09:39:43"
"nick","emrap","2020-05-11 09:45:30"
"kendra","hippo","2020-05-11 18:26:18"
"jingwen","course-host","2020-05-12 10:22:24"
"kendra","hippo","2020-05-12 16:11:16"
"kendra","hippo","2020-05-12 16:15:59"
"kendra","hippo-ed","2020-05-12 16:20:32"
"kendra","pcrap","2020-05-12 16:23:22"
"nick","emrap-corependium-client","2020-05-12 17:03:03"
"kendra","essentials","2020-05-12 17:45:35"
"kendra","ucrap","2020-05-12 17:48:57"
"kendra","pedsrap","2020-05-12 17:51:15"
"kendra","ercast","2020-05-12 17:58:45"
"gauthierm","emrap-go-client","2020-05-12 18:08:23"
"kendra","papodcast","2020-05-12 20:14:58"
"charles","starmaker","2020-05-13 13:30:56"
"meg","hippo-pay-admin","2020-05-13 14:44:26"
"meg","uas-jsonapi-server","2020-05-13 16:53:38"
"isaac","starmaker","2020-05-14 18:05:14"
"jingwen","ercast","2020-05-15 11:18:51"
"jingwen","ercast","2020-05-15 11:26:32"
"meg","hippo","2020-05-15 13:10:20"
"meg","essentials","2020-05-15 13:12:58"
"meg","pcrap","2020-05-15 13:15:11"
"meg","pedsrap","2020-05-15 13:21:10"
"meg","papodcast","2020-05-15 13:25:31"
"meg","ucrap","2020-05-15 13:31:55"
"isaac","starmaker","2020-05-15 13:32:32"
"rkotcher","uas-jsonapi-server","2020-05-18 16:16:54"
"nick","emrap-go-client","2020-05-19 11:13:04"
"nick","emrap-corependium-client","2020-05-19 11:18:11"
"nick","emrap-corependium-server","2020-05-19 11:26:43"
"charles","course-host","2020-05-19 16:28:33"
"nick","emrap-go-client","2020-05-19 18:49:06"
"nick","emrap-corependium-server","2020-05-20 15:05:48"
"nick","emrap-corependium-client","2020-05-20 15:34:00"
"nick","emrap-corependium-client","2020-05-21 10:35:33"
"kendra","essentials","2020-05-21 14:34:24"
"nick","emrap-corependium-server","2020-05-22 09:23:42"
"charles","course-host","2020-05-27 13:36:05"
"brittany","hippo-pay-client","2020-05-27 19:53:30"
"brittany","hippo","2020-05-27 20:05:15"
"brittany","ercast","2020-05-27 20:10:28"
"nick","emrap-corependium-server","2020-05-28 11:40:57"
"nick","emrap-corependium-client","2020-05-28 11:43:35"
"brittany","uas-jsonapi-server","2020-05-28 13:07:38"
"brittany","video-platform-client","2020-05-28 13:19:25"
"brittany","video-platform-client","2020-05-28 13:37:51"
"meg","hippo-pay-admin","2020-05-28 14:58:17"
"meg","hippo-pay","2020-05-29 18:47:29"
"meg","hippo-pay-client","2020-05-29 18:49:59"
"nick","emrap","2020-06-01 09:56:27"
"nick","emrap-corependium-client","2020-06-01 10:22:30"
"nick","emrap-corependium-server","2020-06-01 10:25:51"
"meg","hippo","2020-06-02 11:48:25"
"meg","hippo","2020-06-02 12:06:33"
"meg","ercast","2020-06-04 14:30:17"
"meg","uas-jsonapi-server","2020-06-04 16:49:56"
"meg","hippo-pay-admin","2020-06-04 17:20:12"
"meg","hippo-pay-admin","2020-06-04 17:43:09"
"philip","emrap-corependium-server","2020-06-04 18:04:05"
"philip","emrap-corependium-client","2020-06-04 18:14:34"
"charles","course-host","2020-06-08 09:19:56"
"nick","emrap","2020-06-08 10:56:40"
"nick","emrap-corependium-client","2020-06-08 11:03:30"
"nick","emrap","2020-06-08 11:14:00"
"nick","emrap","2020-06-08 17:11:30"
"nick","emrap-search-tools","2020-06-09 15:29:06"
"philip","emrap-corependium-client","2020-06-09 17:36:57"
"jacob","uas-jsonapi-server","2020-06-09 17:41:48"
"nick","emrap-corependium-server","2020-06-10 12:01:26"
"brittany","video-platform-client","2020-06-10 12:29:00"
"meg","hippo-pay-admin","2020-06-11 13:25:30"
"meg","uas-jsonapi-server","2020-06-11 13:31:33"
"brittany","video-platform-client","2020-06-11 14:36:17"
"meg","hippo-pay-admin","2020-06-11 15:29:24"
"isaac","silverorange","2020-06-11 16:22:17"
"isaac","silverorange","2020-06-11 16:27:53"
"philip","emrap-corependium-client","2020-06-11 16:34:47"
"meg","uas-jsonapi-server","2020-06-11 16:59:20"
"meg","hippo-pay-admin","2020-06-11 17:03:50"
"nick","emrap-corependium-server","2020-06-15 09:31:30"
"nick","emrap-corependium-client","2020-06-15 09:35:07"
"nick","emrap-corependium-client","2020-06-15 10:29:35"
"charles","course-host","2020-06-15 16:32:03"
"charles","course-host","2020-06-15 19:01:52"
"charles","course-host","2020-06-15 19:10:01"
"philip","emrap-corependium-client","2020-06-17 10:50:31"
"jake","cfsc-client","2020-06-17 11:24:38"
"philip","emrap-corependium-server","2020-06-17 11:33:27"
"nick","emrap","2020-06-18 09:40:20"
"steven","course-host","2020-06-19 14:11:12"
"charles","emrap","2020-06-22 10:44:19"
"charles","emrap","2020-06-22 13:53:15"
"charles","emrap","2020-06-22 16:59:18"
"philip","emrap-corependium-server","2020-06-22 18:15:06"
"philip","emrap-corependium-client","2020-06-22 18:18:20"
"charles","emrap","2020-06-23 14:06:45"
"philip","emrap-corependium-server","2020-06-23 16:25:18"
"philip","emrap-corependium-client","2020-06-24 10:17:24"
"philip","emrap-go-client","2020-06-24 13:27:19"
"charles","emrap","2020-06-26 09:24:17"
"nick","emrap-corependium-client","2020-07-07 10:49:58"
"nick","emrap-corependium-server","2020-07-07 10:53:46"
"clara","emrap","2020-07-07 11:46:28"
"charles","starmaker","2020-07-07 11:56:30"
"isaac","starmaker","2020-07-07 12:44:31"
"charles","iwk-achh","2020-07-08 14:07:39"
"charles","iwk-achh","2020-07-08 14:20:34"
"nick","emrap","2020-07-09 09:22:12"
"nick","emrap-corependium-server","2020-07-09 10:59:50"
"nick","emrap-corependium-client","2020-07-09 11:04:26"
"someone","cfsc-api","2020-07-09 19:55:04"
"someone","cfsc-api","2020-07-09 20:01:24"
"charles","course-host","2020-07-10 14:27:00"
"charles","course-host","2020-07-10 16:06:03"
"nick","emrap","2020-07-13 10:50:28"
"charles","course-host","2020-07-13 11:28:43"
"charles","course-host","2020-07-13 11:43:06"
"isaac","silverorange","2020-07-13 12:14:49"
"isaac","starmaker","2020-07-13 16:41:15"
"philip","emrap-fire-daemon","2020-07-16 15:24:58"
"nick","emrap","2020-07-16 15:58:32"
"philip","emrap","2020-07-20 16:41:20"
"philip","emrap-corependium-client","2020-07-20 17:03:07"
"philip","emrap-corependium-server","2020-07-20 17:06:01"
"nick","emrap","2020-07-23 11:05:28"
"charles","course-host","2020-07-24 16:42:48"
"someone","cfsc-api","2020-07-24 20:07:45"
"someone","cfsc-api","2020-07-24 20:14:26"
"charles","course-host","2020-07-27 10:25:17"
"philip","emrap-corependium-server","2020-07-27 10:35:21"
"philip","emrap-corependium-client","2020-07-27 10:42:04"
"steven","course-host","2020-07-27 13:18:37"
"charles","iwk-achh","2020-07-27 13:20:27"
"charles","course-host","2020-07-28 11:36:25"
"nick","emrap","2020-07-28 12:05:35"
"philip","emrap-corependium-server","2020-07-30 11:07:32"
"philip","emrap-corependium-client","2020-07-30 11:22:23"
"philip","emrap-corependium-server","2020-08-03 11:10:46"
"philip","emrap-fire-daemon","2020-08-06 11:29:32"
"philip","emrap","2020-08-06 11:40:23"
"charles","emrap-fire-daemon","2020-08-07 15:36:54"
"philip","emrap-corependium-server","2020-08-10 10:46:26"
"philip","emrap-corependium-client","2020-08-10 10:54:43"
"philip","emrap-corependium-client","2020-08-10 11:29:55"
"nick","emrap","2020-08-11 09:51:30"
"philip","emrap-corependium-client","2020-08-12 16:52:58"
"philip","emrap-fire-daemon","2020-08-13 16:43:16"
"kendra","starmaker","2020-08-14 18:48:20"
"nick","emrap","2020-08-17 09:31:16"
"philip","emrap-corependium-client","2020-08-19 16:29:04"
"steven","emrap","2020-08-20 17:16:27"
"isagrant","starmaker","2020-08-20 18:05:47"
"philip","emrap-corependium-client","2020-08-25 13:27:56"
"philip","emrap-corependium-server","2020-08-25 13:30:38"
"philip","emrap-corependium-client","2020-08-25 15:04:03"
"philip","emrap","2020-08-25 15:13:34"
"philip","emrap-corependium-client","2020-08-25 15:59:07"
"philip","emrap","2020-08-25 16:28:17"
"philip","emrap","2020-08-26 11:47:16"
"philip","emrap-corependium-client","2020-08-26 16:33:19"
"philip","emrap-corependium-server","2020-08-26 16:38:20"
"clara","emrap","2020-08-26 16:52:13"
"philip","emrap-corependium-client","2020-08-26 17:37:56"
"isagrant","course-host","2020-08-26 22:35:14"
"steven","course-host","2020-08-27 14:09:41"
"jayme","emrap-corependium-server","2020-08-27 14:24:33"
"philip","emrap-corependium-server","2020-08-31 10:01:39"
"philip","emrap-corependium-client","2020-08-31 10:04:47"
"nick","emrap","2020-09-01 17:35:45"
"nick","emrap","2020-09-02 10:42:16"
"clara","emrap-corependium-client","2020-09-02 15:39:26"
"clara","emrap-corependium-server","2020-09-02 15:44:17"
"clara","emrap-corependium-client","2020-09-02 17:40:03"
"philip","emrap-corependium-client","2020-09-03 10:47:19"
"philip","emrap-corependium-client","2020-09-03 13:51:24"
"nick","emrap","2020-09-03 14:37:25"
"charles","course-host","2020-09-03 17:29:45"
"philip","emrap-corependium-client","2020-09-04 16:14:00"
"clara","emrap-go-client","2020-09-08 10:38:18"
"gauthierm","emrap-search-tools","2020-09-08 11:37:35"
"charles","emrap","2020-09-08 20:05:25"
"clara","emrap-go-client","2020-09-09 09:44:46"
"clara","emrap-go-client","2020-09-09 10:30:08"
"charles","emrap","2020-09-09 10:48:25"
"gauthierm","emrap-search-tools","2020-09-09 14:08:58"
"charles","starmaker","2020-09-10 10:50:29"
"charles","emrap","2020-09-10 10:53:48"
"charles","course-host","2020-09-10 11:04:16"
"philip","emrap","2020-09-10 17:11:19"
"charles","emrap","2020-09-11 09:57:36"
"charles","emrap-search-tools","2020-09-11 15:16:44"
"charles","emrap-search-tools","2020-09-11 16:33:55"
"charles","emrap-search-tools","2020-09-14 09:33:44"
"charles","emrap-search-tools","2020-09-14 09:48:33"
"clara","emrap","2020-09-14 11:28:35"
"charles","emrap","2020-09-14 15:47:51"
"clara","emrap-corependium-server","2020-09-14 16:38:57"
"clara","emrap-corependium-client","2020-09-14 16:54:30"
"nick","emrap","2020-09-15 13:20:21"
"charles","emrap","2020-09-15 14:14:20"
"steven","course-host","2020-09-15 15:46:07"
"charles","emrap","2020-09-16 09:35:34"
"nick","emrap","2020-09-16 10:10:32"
"charles","emrap","2020-09-16 11:40:53"
"charles","emrap","2020-09-16 11:53:14"
"charles","emrap","2020-09-16 14:52:51"
"charles","starmaker","2020-09-16 16:56:23"
"nick","emrap","2020-09-17 14:30:13"
"philip","emrap","2020-09-17 15:11:00"
"philip","emrap-corependium-server","2020-09-21 11:15:03"
"philip","emrap-corependium-client","2020-09-21 11:22:22"
"charles","course-host","2020-09-21 13:46:08"
"clara","emrap-corependium-client","2020-09-21 13:47:12"
"clara","emrap-corependium-client","2020-09-21 16:35:06"
"clara","emrap-corependium-server","2020-09-22 10:43:24"
"clara","emrap-corependium-client","2020-09-22 10:46:49"
"nick","emrap","2020-09-22 10:48:39"
"nick","emrap","2020-09-22 11:04:26"
"charles","course-host","2020-09-22 11:17:08"
"someone","cfsc-api","2020-09-22 21:24:05"
"someone","cfsc-api","2020-09-22 21:30:44"
"nick","emrap","2020-09-23 10:24:22"
"nick","emrap","2020-09-28 09:43:41"
"philip","emrap-corependium-server","2020-09-28 09:51:32"
"philip","emrap-corependium-client","2020-09-28 09:54:13"
"nick","emrap-go-server","2020-09-28 09:57:45"
"clara","emrap-corependium-client","2020-09-29 14:56:16"
"someone","cfsc-api","2020-09-29 18:07:41"
"clara","emrap-corependium-client","2020-09-29 15:14:10"
"someone","cfsc-api","2020-09-29 18:14:18"
"clara","emrap-corependium-client","2020-09-29 15:21:28"
"charles","course-host","2020-09-30 16:50:18"
"nick","emrap","2020-10-01 10:47:01"
"philip","emrap-go-server","2020-10-01 10:49:19"
"nick","emrap","2020-10-01 11:55:12"
"nick","emrap","2020-10-01 13:15:58"
"nick","silverorange","2020-10-02 09:07:49"
"steven","silverorange","2020-10-02 09:25:09"
"steven","course-host","2020-10-02 10:03:44"
"nick","emrap","2020-10-02 14:18:21"
"philip","emrap","2020-10-05 11:38:52"
"steven","course-host","2020-10-05 14:59:56"
"steven","silverorange","2020-10-06 15:32:49"
"steven","silverorange","2020-10-06 15:34:12"
"gauthierm","silverorange","2020-10-06 17:30:01"
"steven","course-host","2020-10-07 11:45:50"
"clara","emrap-corependium-server","2020-10-13 11:17:12"
"clara","emrap-corependium-client","2020-10-13 11:21:46"
"nick","emrap","2020-10-15 10:54:37"
"nick","emrap","2020-10-15 13:30:26"
"nick","emrap-go-client","2020-10-15 14:34:11"
"philip","emrap-corependium-client","2020-10-20 16:54:34"
"philip","emrap-corependium-server","2020-10-20 16:58:58"
"gauthierm","silverorange","2020-10-20 17:27:32"
"philip","emrap-corependium-server","2020-10-21 14:29:09"
"isagrant","starmaker","2020-10-21 17:58:04"
"isagrant","starmaker","2020-10-21 18:01:49"
"charles","starmaker","2020-10-22 10:25:40"
"nick","emrap-corependium-server","2020-10-23 09:16:54"
"nick","emrap-corependium-client","2020-10-26 10:30:08"
"nick","emrap-corependium-server","2020-10-26 10:32:28"
"nick","emrap","2020-10-27 13:50:42"
"clara","emrap-corependium-server","2020-10-27 15:24:39"
"clara","emrap-corependium-client","2020-10-27 15:28:58"
"charles","iwk-achh","2020-10-30 09:41:33"
"charles","starmaker","2020-10-30 13:51:52"
"someone","cfsc-api","2020-11-02 13:33:06"
"someone","cfsc-api","2020-11-02 13:39:44"
"charles","emrap-search-tools","2020-11-03 14:30:19"
"clara","emrap-corependium-client","2020-11-03 15:05:07"
"clara","emrap-corependium-client","2020-11-04 10:49:37"
"steven","course-host","2020-11-04 15:17:39"
"charles","emrap-search-tools","2020-11-04 15:59:26"
"charles","emrap-search-tools","2020-11-04 16:28:04"
"charles","emrap-search-tools","2020-11-04 16:39:26"
"steven","course-host","2020-11-06 16:44:03"
"clara","emrap-corependium-client","2020-11-12 16:49:24"
"steven","course-host","2020-11-13 15:30:58"
"steven","course-host","2020-11-17 21:27:08"
"charles","emrap-search-tools","2020-11-19 10:24:49"
"charles","emrap-search-tools","2020-11-19 14:05:06"
"clara","emrap-corependium-client","2020-11-19 15:05:31"
"philip","emrap-corependium-server","2020-11-19 17:44:15"
"isagrant","starmaker","2020-11-19 18:05:06"
"charles","emrap-fire-daemon","2020-11-30 09:26:50"
"steven","course-host","2020-12-01 14:01:21"
"philip","emrap-corependium-client","2020-12-01 14:37:11"
"philip","emrap-corependium-client","2020-12-01 15:19:30"
"nick","emrap","2020-12-02 10:13:20"
"clara","emrap-corependium-server","2020-12-02 15:47:19"
"clara","emrap-corependium-client","2020-12-02 15:52:19"
"clara","emrap-corependium-client","2020-12-02 16:54:48"
"nick","emrap","2020-12-04 12:21:45"
"steven","silverorange","2020-12-05 11:19:49"
"nick","emrap","2020-12-07 09:19:14"
"someone","starmaker","2020-12-09 15:26:35"
"gauthierm","silverorange","2020-12-11 17:25:14"
"someone","cfsc-api","2020-12-14 14:12:07"
"someone","cfsc-api","2020-12-14 14:18:24"
"nick","emrap-corependium-server","2020-12-14 13:25:00"
"nick","emrap-corependium-client","2020-12-14 13:27:17"
"charles","emrap","2020-12-15 09:15:18"
"charles","emrap-search-tools","2020-12-15 10:00:48"
"charles","emrap","2020-12-15 10:40:34"
"charles","starmaker","2020-12-15 16:10:51"
"someone","starmaker","2020-12-15 16:13:28"
"nick","emrap","2020-12-15 16:35:27"
"charles","course-host","2020-12-16 10:41:23"
"charles","emrap","2020-12-16 10:55:14"
"nick","emrap","2020-12-16 15:36:26"
"someone","cfsc-api","2020-12-17 14:07:59"
"philip","emrap-corependium-client","2020-12-17 10:11:10"
"someone","cfsc-api","2020-12-17 14:14:46"
"philip","emrap-corependium-client","2020-12-17 10:56:47"
"philip","emrap-corependium-client","2020-12-17 15:38:56"
"nick","emrap","2020-12-17 16:49:10"
"philip","emrap-corependium-client","2020-12-17 17:22:28"
"someone","cfsc-api","2020-12-18 14:46:05"
"someone","cfsc-api","2020-12-18 14:52:29"
"philip","emrap-corependium-client","2020-12-18 14:25:40"
"nick","emrap","2020-12-18 14:52:08"
"clara","emrap-corependium-client","2021-01-04 13:55:42"
"steven","silverorange","2021-01-04 14:10:34"
"philip","emrap-corependium-client","2021-01-05 15:40:54"
"philip","emrap-corependium-client","2021-01-06 17:29:43"
"someone","cfsc-api","2021-01-07 13:48:23"
"someone","cfsc-api","2021-01-07 13:55:05"
"nick","emrap","2021-01-08 09:34:56"
"nick","emrap","2021-01-08 13:58:08"
"steven","silverorange","2021-01-08 20:30:56"
"someone","starmaker","2021-01-11 10:48:59"
"clara","emrap-corependium-server","2021-01-11 14:22:17"
"steven","course-host","2021-01-11 14:24:29"
"clara","emrap-corependium-client","2021-01-11 14:26:09"
"isagrant","starmaker","2021-01-11 16:08:27"
"isagrant","starmaker","2021-01-11 20:16:00"
"nick","emrap","2021-01-12 17:06:16"
"clara","emrap-corependium-server","2021-01-14 13:35:36"
"clara","emrap-corependium-client","2021-01-14 13:38:36"
"clara","emrap-corependium-client","2021-01-14 17:15:01"
"clara","emrap-corependium-client","2021-01-14 17:42:39"
"steven","course-host","2021-01-15 13:45:46"
"isagrant","starmaker","2021-01-15 17:05:32"
"someone","cfsc-api","2021-01-18 13:29:17"
"someone","cfsc-api","2021-01-18 13:36:03"
"steven","iwk-achh","2021-01-18 10:50:15"
"isagrant","silverorange","2021-01-18 12:51:54"
"nick","emrap","2021-01-18 16:47:19"
"clara","emrap-corependium-server","2021-01-19 15:02:05"
"clara","emrap-corependium-client","2021-01-19 15:08:41"
"charles","starmaker","2021-01-20 11:05:57"
"clara","emrap-corependium-server","2021-01-20 16:51:19"
"someone","cfsc-api","2021-01-21 01:23:29"
"someone","cfsc-api","2021-01-21 01:30:06"
"steven","course-host","2021-01-21 16:09:38"
"steven","course-host","2021-01-22 20:18:24"
"philip","emrap","2021-01-25 14:55:21"
"clara","emrap-corependium-client","2021-01-26 11:31:59"
"clara","emrap-corependium-server","2021-01-26 11:35:38"
"steven","course-host","2021-01-26 14:46:08"
"someone","cfsc-admin","2021-01-27 11:42:00"
"steven","course-host","2021-01-27 14:45:33"
"nick","emrap","2021-01-28 14:23:52"
"nick","emrap","2021-01-28 15:34:39"
"steven","course-host","2021-01-28 15:38:28"
"clara","emrap-corependium-server","2021-01-28 15:41:53"
"clara","emrap-corependium-client","2021-01-28 15:51:19"
"steven","course-host","2021-01-28 16:29:46"
"steven","course-host","2021-01-28 19:49:38"
"philip","emrap-corependium-server","2021-01-29 14:48:17"
"isagrant","starmaker","2021-01-29 14:50:30"
"someone","cfsc-api","2021-01-29 20:53:57"
"someone","cfsc-api","2021-01-29 21:00:53"
"isagrant","starmaker","2021-01-29 17:57:23"
"steven","silverorange","2021-02-01 09:15:15"
"isagrant","starmaker","2021-02-01 09:47:03"
"isagrant","starmaker","2021-02-01 10:16:18"
"someone","cfsc-client","2021-02-01 16:20:36"
"philip","emrap-corependium-client","2021-02-02 11:32:57"
"philip","emrap-corependium-server","2021-02-02 11:35:38"
"isagrant","starmaker","2021-02-02 14:58:55"
"someone","cfsc-api","2021-02-02 19:43:19"
"someone","cfsc-api","2021-02-02 19:49:57"
"steven","course-host","2021-02-05 10:20:01"
"clara","emrap-corependium-client","2021-02-08 16:14:25"
"nick","emrap","2021-02-09 09:11:35"
"nick","emrap","2021-02-09 09:23:44"
"nick","emrap","2021-02-09 10:48:40"
"isagrant","starmaker","2021-02-09 13:38:15"
"clara","emrap-corependium-client","2021-02-09 16:58:31"
"nick","emrap","2021-02-09 20:09:53"
"nick","emrap","2021-02-09 20:29:57"
"philip","emrap","2021-02-10 11:15:20"
"gauthierm","emrap-go-client","2021-02-10 13:41:04"
"gauthierm","emrap-go-server","2021-02-10 13:42:17"
"charles","starmaker","2021-02-11 18:23:04"
"philip","emrap-corependium-client","2021-02-16 10:34:51"
"philip","emrap-corependium-server","2021-02-16 10:39:37"
"nick","emrap","2021-02-16 11:23:07"
"gauthierm","cfsc-client","2021-02-17 10:33:14"
"someone","cfsc-api","2021-02-17 14:38:31"
"someone","cfsc-api","2021-02-17 14:45:29"
"steven","course-host","2021-02-17 16:40:19"
"philip","emrap-corependium-client","2021-02-18 14:16:31"
"gauthierm","emrap-search-tools","2021-02-18 15:43:11"
"clara","emrap-go-server","2021-02-18 17:13:25"
"clara","emrap-go-client","2021-02-18 17:15:39"
"clara","emrap","2021-02-19 17:28:49"
"clara","emrap-go-client","2021-02-22 11:03:22"
"gauthierm","cfsc-client","2021-02-26 13:54:23"
"philip","emrap-search-tools","2021-03-01 11:07:49"
"philip","emrap-corependium-server","2021-03-02 14:18:56"
"philip","emrap-corependium-client","2021-03-02 14:23:39"
"isagrant","starmaker","2021-03-02 16:38:03"
"philip","emrap-corependium-client","2021-03-03 11:07:48"
"steven","iwk-achh","2021-03-04 11:37:22"
"philip","emrap-corependium-server","2021-03-04 13:45:45"
"philip","emrap-corependium-client","2021-03-04 13:55:34"
"steven","course-host","2021-03-05 13:03:54"
"philip","emrap-fire-daemon","2021-03-08 14:31:53"
"jayme","emrap-fire-daemon","2021-03-09 09:51:21"
"jayme","neon","2021-03-09 11:58:32"
"steven","silverorange","2021-03-09 15:15:05"
"steven","silverorange","2021-03-09 16:30:45"
"philip","emrap-corependium-server","2021-03-09 16:39:59"
"philip","emrap-corependium-client","2021-03-09 16:45:43"
"clara","emrap-corependium-client","2021-03-10 15:42:56"
"clara","emrap-corependium-client","2021-03-11 15:04:17"
"clara","emrap-corependium-server","2021-03-15 12:20:05"
"clara","emrap-corependium-client","2021-03-15 12:26:35"
"nick","emrap","2021-03-15 14:57:27"
"someone","cfsc-client","2021-03-15 15:25:40"
"someone","cfsc-client","2021-03-15 16:11:35"
"clara","emrap-corependium-client","2021-03-15 16:36:11"
"someone","cfsc-api","2021-03-15 19:42:54"
"someone","cfsc-api","2021-03-15 19:49:39"
"nick","emrap","2021-03-16 09:55:49"
"nick","emrap","2021-03-16 10:15:57"
"nick","emrap","2021-03-16 10:25:36"
"nick","emrap","2021-03-16 10:58:36"
"clara","emrap-corependium-client","2021-03-16 15:51:56"
"nick","emrap-go-client","2021-03-18 14:19:32"
"nick","emrap-go-server","2021-03-18 14:19:56"
"nick","emrap-go-client","2021-03-18 17:03:59"
"nick","emrap-go-server","2021-03-18 17:06:51"
"nick","emrap-go-server","2021-03-18 17:31:02"
"nick","emrap-go-server","2021-03-18 18:19:02"
"clara","emrap-corependium-server","2021-03-19 11:28:24"
"clara","emrap-corependium-client","2021-03-19 11:31:34"
"clara","emrap-corependium-server","2021-03-19 16:37:24"
"clara","emrap-corependium-client","2021-03-19 16:39:43"
"clara","emrap-corependium-client","2021-03-22 15:46:31"
"steven","course-host","2021-03-22 16:44:29"
"steven","course-host","2021-03-23 10:18:28"
"clara","emrap-corependium-server","2021-03-24 10:24:43"
"clara","emrap-corependium-client","2021-03-24 10:50:41"
"someone","cfsc-api","2021-03-24 17:05:37"
"someone","cfsc-api","2021-03-24 17:26:46"
"someone","cfsc-api","2021-03-24 17:35:37"
"clara","emrap-corependium-client","2021-03-25 13:29:35"
"someone","cfsc-api","2021-03-26 17:08:54"
"someone","cfsc-api","2021-03-26 17:18:12"
"someone","cfsc-client","2021-03-26 14:18:27"
"someone","cfsc-api","2021-03-26 17:27:44"
"someone","cfsc-api","2021-03-26 17:36:33"
"nick","emrap","2021-03-29 12:11:39"
"nick","emrap","2021-03-29 12:28:51"
"steven","course-host","2021-03-29 16:12:15"
"steven","course-host","2021-03-29 16:13:07"
"nick","emrap","2021-03-29 16:32:21"
"isagrant","starmaker","2021-03-29 16:39:07"
"nick","emrap","2021-03-30 09:22:13"
"nick","emrap","2021-03-30 17:23:52"
"someone","cfsc-api","2021-03-31 12:12:15"
"someone","cfsc-api","2021-03-31 12:21:01"
"nick","emrap","2021-03-31 11:01:45"
"nick","emrap","2021-04-01 11:08:11"
"gauthierm","silverorange","2021-04-01 14:56:32"
"philip","emrap-corependium-client","2021-04-06 11:36:32"
"philip","emrap-corependium-server","2021-04-06 12:11:40"
"steven","course-host","2021-04-07 10:53:59"
"isagrant","starmaker","2021-04-09 10:44:06"
"nick","emrap","2021-04-12 10:22:41"
"philip","emrap-corependium-client","2021-04-12 12:11:24"
"clara","emrap-corependium-server","2021-04-12 14:17:20"
"clara","emrap-corependium-client","2021-04-12 14:20:27"
"nick","emrap","2021-04-12 14:52:42"
"nick","emrap","2021-04-12 16:53:53"
"nick","emrap","2021-04-13 10:20:28"
"nick","emrap","2021-04-13 12:43:59"
"philip","emrap-corependium-client","2021-04-13 18:06:38"
"philip","emrap-fire-daemon","2021-04-14 10:26:08"
"philip","emrap-fire-daemon","2021-04-14 11:51:28"
"nick","emrap","2021-04-14 13:59:02"
"philip","emrap-fire-daemon","2021-04-15 16:41:28"
"philip","emrap-fire-daemon","2021-04-15 17:26:05"
"nick","emrap","2021-04-16 10:22:57"
"steven","silverorange","2021-04-17 19:12:21"
"clara","emrap-corependium-server","2021-04-19 11:07:05"
"clara","emrap-corependium-client","2021-04-19 11:11:17"
"nick","emrap","2021-04-20 09:35:12"
"steven","course-host","2021-04-20 10:56:52"
"clara","emrap-corependium-server","2021-04-20 11:32:39"
"nick","emrap","2021-04-21 10:41:19"
"philip","emrap-corependium-server","2021-04-21 17:26:44"
"nick","emrap","2021-04-22 09:37:23"
"steven","course-host","2021-04-22 13:46:53"
"steven","course-host","2021-04-22 15:49:44"
"steven","course-host","2021-04-22 17:32:14"
"steven","course-host","2021-04-23 10:09:49"
"steven","course-host","2021-04-26 14:04:44"
"someone","cfsc-api","2021-04-26 17:25:18"
"someone","cfsc-api","2021-04-26 17:32:04"
"jayme","cfsc-admin","2021-04-26 14:55:57"
"jayme","cfsc-admin","2021-04-26 15:14:27"
"jayme","cfsc-client","2021-04-26 15:17:28"
"clara","emrap-corependium-server","2021-04-26 15:36:29"
"clara","emrap-corependium-client","2021-04-26 15:39:59"
"steven","course-host","2021-04-26 16:43:28"
"philip","emrap-corependium-client","2021-04-26 17:02:00"
"steven","course-host","2021-05-03 11:11:21"
"clara","emrap-corependium-client","2021-05-03 12:09:43"
"philip","emrap-fire-daemon","2021-05-03 14:08:27"
"nick","emrap","2021-05-03 14:14:06"
"clara","emrap-corependium-client","2021-05-04 10:14:57"
"someone","emrap-corependium-client","2021-05-05 16:43:15"
"someone","emrap-corependium-server","2021-05-05 16:53:13"
"someone","cfsc-api","2021-05-07 13:01:59"
"someone","cfsc-api","2021-05-07 13:08:08"
"someone","cfsc-client","2021-05-07 11:10:27"
"someone","cfsc-api","2021-05-07 16:08:35"
"someone","cfsc-api","2021-05-07 16:15:05"
"jayme","silverorange-blog","2021-05-07 13:19:22"
"steven","silverorange-blog","2021-05-07 14:30:06"
"isagrant","starmaker","2021-05-07 14:48:07"
"steven","silverorange-blog","2021-05-07 19:43:29"
"gauthierm","silverorange-blog","2021-05-07 19:47:25"
"gauthierm","silverorange-blog","2021-05-10 13:53:06"
"steven","course-host","2021-05-10 14:41:57"
"philip","emrap-corependium-client","2021-05-11 14:42:41"
"philip","emrap-fire-daemon","2021-05-11 17:39:46"
"nick","emrap","2021-05-12 15:54:13"
"steven","course-host","2021-05-17 14:20:27"
"philip","emrap-fire-daemon","2021-05-17 14:23:16"
"clara","emrap-corependium-client","2021-05-17 14:41:19"
"clara","emrap-corependium-client","2021-05-17 14:55:55"
"nick","emrap","2021-05-18 12:06:56"
"isagrant","silverorange","2021-05-18 15:47:16"
"philip","emrap-fire-daemon","2021-05-19 16:20:57"
"steven","silverorange-blog","2021-05-20 13:12:58"
"isagrant","starmaker","2021-05-20 18:05:41"
"steven","course-host","2021-05-21 09:58:59"
"steven","silverorange-blog","2021-05-21 19:21:12"
"steven","course-host","2021-05-25 10:50:39"
"steven","course-host","2021-05-26 10:27:09"
"steven","course-host","2021-05-27 11:25:46"
"steven","course-host","2021-05-27 16:17:06"
"charles","iwk-achh","2021-06-01 11:26:06"
"clara","emrap-corependium-server","2021-06-01 14:11:07"
"clara","emrap-corependium-client","2021-06-01 14:18:40"
"philip","emrap-fire-daemon","2021-06-01 14:22:32"
"clara","emrap-corependium-server","2021-06-01 14:25:02"
"clara","emrap-corependium-client","2021-06-01 14:27:38"
"philip","emrap-fire-daemon","2021-06-01 14:31:26"
"clara","emrap-corependium-client","2021-06-01 14:56:37"
"steven","course-host","2021-06-01 16:53:51"
"steven","silverorange","2021-06-02 15:48:12"
"clara","emrap-corependium-server","2021-06-03 15:21:00"
"clara","emrap-corependium-client","2021-06-03 15:28:13"
"nick","emrap","2021-06-08 11:37:46"
"charles","course-host","2021-06-08 13:32:26"
"camila","emrap-corependium-client","2021-06-08 14:22:44"
"charles","course-host","2021-06-08 14:36:37"
"charles","course-host","2021-06-08 14:39:44"
"philip","emrap-corependium-client","2021-06-09 09:44:09"
"philip","emrap","2021-06-09 11:33:57"
"camila","emrap-corependium-client","2021-06-09 16:57:19"
"nick","silverorange-blog","2021-06-10 16:47:10"
"clara","emrap-corependium-client","2021-06-11 11:13:09"
"nick","silverorange-blog","2021-06-11 12:34:02"
"isagrant","silverorange","2021-06-11 17:25:17"
"camila","emrap-corependium-server","2021-06-15 16:46:50"
"camila","emrap-corependium-client","2021-06-15 16:56:29"
"steven","course-host","2021-06-17 10:21:53"
"steven","course-host","2021-06-17 17:12:12"
"camila","emrap-corependium-client","2021-06-21 14:01:58"
"camila","emrap-corependium-server","2021-06-21 14:05:33"
"nick","emrap","2021-06-24 13:20:42"
"charles","starmaker","2021-06-24 16:09:02"
"someone","cfsc-api","2021-07-06 13:44:45"
"someone","cfsc-api","2021-07-06 13:53:36"
"isagrant","starmaker","2021-07-06 12:24:27"
"gauthierm","silverorange","2021-07-06 12:38:57"
"charles","course-host","2021-07-07 12:21:38"
"steven","course-host","2021-07-08 09:53:17"
"philip","emrap-corependium-server","2021-07-08 15:15:49"
"philip","emrap-corependium-client","2021-07-08 15:28:22"
"steven","course-host","2021-07-08 16:33:14"
"philip","emrap","2021-07-08 17:20:58"
"steven","course-host","2021-07-09 09:44:14"
"camila","emrap-corependium-client","2021-07-12 16:53:30"
"camila","emrap-corependium-server","2021-07-12 16:56:57"
"camila","emrap-corependium-client","2021-07-13 15:48:27"
"camila","emrap-corependium-server","2021-07-13 15:51:16"
"someone","cfsc-api","2021-07-14 16:50:34"
"someone","cfsc-api","2021-07-14 16:59:11"
"someone","cfsc-api","2021-07-16 13:58:48"
"someone","cfsc-api","2021-07-16 14:06:43"
"philip","emrap-corependium-server","2021-07-19 11:41:13"
"philip","emrap-corependium-client","2021-07-19 11:55:04"
"camila","emrap-corependium-client","2021-07-19 15:22:43"
"camila","emrap-corependium-server","2021-07-19 15:25:44"
"someone","cfsc-api","2021-07-21 15:13:44"
"someone","cfsc-api","2021-07-21 15:21:49"
"camila","emrap-corependium-client","2021-07-21 13:57:42"
"camila","emrap-corependium-server","2021-07-21 14:00:34"
"someone","cfsc-api","2021-07-21 17:56:20"
"someone","cfsc-api","2021-07-21 18:04:26"
"nick","emrap","2021-07-21 15:42:51"
"charles","course-host","2021-07-23 10:02:58"
"charles","course-host","2021-07-23 12:33:33"
"charles","course-host","2021-07-23 13:13:15"
"charles","course-host","2021-07-23 14:20:44"
"charles","emrap","2021-07-26 16:18:01"
"charles","emrap-fire-daemon","2021-07-27 14:46:26"
"charles","emrap","2021-07-27 14:52:05"
"steven","course-host","2021-07-29 14:43:39"
"nick","emrap-corependium-client","2021-07-29 15:35:00"
"nick","emrap","2021-07-29 16:00:10"
"steven","course-host","2021-07-29 20:48:38"
"nick","emrap-corependium-client","2021-07-30 11:57:47"
"steven","iwk-achh","2021-07-30 15:09:21"
"philip","emrap-fire-daemon","2021-08-02 11:00:06"
"nick","emrap","2021-08-02 12:16:57"
"philip","emrap-fire-daemon","2021-08-03 15:04:14"
"camila","emrap-corependium-client","2021-08-03 16:29:41"
"camila","emrap-corependium-server","2021-08-03 16:43:57"
"philip","emrap-fire-daemon","2021-08-04 10:12:35"
"philip","emrap-fire-daemon","2021-08-05 15:55:14"
"nick","emrap","2021-08-09 11:47:10"
"camila","emrap-corependium-server","2021-08-09 20:39:16"
"camila","emrap-corependium-client","2021-08-09 20:45:26"
"nick","emrap","2021-08-10 15:25:31"
"philip","emrap-fire-daemon","2021-08-11 10:29:39"
"philip","emrap-fire-daemon","2021-08-11 11:00:03"
"gauthierm","course-host","2021-08-13 12:29:14"
"philip","emrap-fire-daemon","2021-08-16 08:22:33"
"charles","starmaker","2021-08-18 14:50:40"
"gauthierm","emrap-corependium-server","2021-08-18 15:21:47"
"charles","starmaker","2021-08-19 09:20:21"
"charles","starmaker","2021-08-19 18:05:42"
"nick","emrap","2021-08-23 10:27:08"
"nick","emrap-corependium-server","2021-08-23 12:19:09"
"clara","emrap-corependium-server","2021-08-24 09:49:20"
"charles","emrap","2021-08-26 11:06:03"
"camila","emrap-corependium-server","2021-08-26 16:54:52"
"charles","emrap","2021-08-27 11:13:38"
"someone","cfsc-api","2021-08-30 16:42:07"
"someone","cfsc-api","2021-08-30 16:50:43"
"nick","emrap","2021-08-30 15:04:18"
"camila","emrap-corependium-client","2021-08-30 16:33:25"
"camila","emrap-corependium-server","2021-08-30 16:37:44"
"charles","emrap","2021-09-01 11:40:57"
"charles","emrap","2021-09-01 12:37:54"
"charles","emrap","2021-09-01 12:57:45"
"camila","emrap-corependium-client","2021-09-01 16:55:09"
"camila","emrap-corependium-server","2021-09-01 16:59:27"
"gauthierm","emrap-corependium-server","2021-09-01 17:18:31"
"nick","emrap","2021-09-01 17:18:58"
"nick","emrap","2021-09-02 10:07:13"
"charles","emrap","2021-09-03 10:15:08"
"nick","emrap","2021-09-03 11:23:55"
"steven","course-host","2021-09-03 16:28:17"
"steven","iwk-achh","2021-09-05 12:05:53"
"gauthierm","emrap-corependium-server","2021-09-08 15:03:18"
"charles","starmaker","2021-09-09 09:30:37"
"charles","starmaker","2021-09-09 09:31:14"
"nick","emrap","2021-09-09 10:11:48"
"gauthierm","emrap-corependium-server","2021-09-09 14:32:01"
"steven","course-host","2021-09-10 16:39:26"
"charles","starmaker","2021-09-13 09:29:30"
"charles","starmaker","2021-09-14 09:26:45"
"camila","emrap-corependium-client","2021-09-14 16:37:54"
"charles","emrap-fire-daemon","2021-09-21 17:03:43"
"charles","emrap-fire-daemon","2021-09-21 17:04:36"
"gauthierm","emrap-corependium-server","2021-09-21 22:31:37"
"jingwen","course-host","2021-09-22 14:35:34"
"nick","emrap","2021-09-23 10:18:43"
"nick","emrap","2021-09-23 10:42:38"
"jingwen","course-host","2021-09-23 11:28:48"
"jingwen","course-host","2021-09-24 10:20:09"
"charles","emrap-fire-daemon","2021-09-24 13:26:01"
"nick","emrap","2021-09-26 22:02:38"
"nick","emrap","2021-09-29 03:15:21"
"charles","emrap","2021-10-01 14:34:38"
"charles","starmaker","2021-10-04 14:16:45"
"stephen","silverorange","2021-10-05 09:40:33"
"philip","emrap-fire-daemon","2021-10-05 11:06:06"
"camila","emrap-corependium-server","2021-10-05 19:55:41"
"nick","emrap","2021-10-07 12:04:56"
"steven","course-host","2021-10-08 19:46:04"
"charles","emrap-fire-daemon","2021-10-12 14:21:29"
"charles","starmaker","2021-10-13 09:28:08"
"steven","silverorange","2021-10-15 12:09:20"
"steven","silverorange","2021-10-15 14:10:53"
"jingwen","course-host","2021-10-18 14:42:28"
"gauthierm","silverorange","2021-10-19 16:39:20"
"gauthierm","emrap-corependium-server","2021-10-22 16:19:35"
"steven","silverorange","2021-10-24 16:52:05"
"nick","emrap-fire-daemon","2021-10-25 09:17:05"
"nick","emrap-corependium-client","2021-10-25 10:17:05"
"charles","emrap","2021-10-25 10:18:05"
"charles","emrap","2021-10-25 14:10:40"
"jingwen","course-host","2021-10-25 14:39:17"
"jingwen","course-host","2021-10-25 17:01:50"
"charles","emrap","2021-10-26 10:30:54"
"charles","emrap","2021-10-26 11:39:06"
"charles","emrap","2021-10-26 11:50:57"
"jingwen","course-host","2021-10-26 13:23:13"
"jingwen","course-host","2021-10-26 14:04:47"
"charles","emrap-fire-daemon","2021-10-26 14:13:30"
"gauthierm","surviving-infancy","2021-10-26 14:27:27"
"charles","emrap","2021-10-27 09:20:25"
"jingwen","course-host","2021-10-28 16:50:45"
"jingwen","course-host","2021-11-01 12:00:50"
"nick","emrap-corependium-client","2021-11-01 13:19:40"
"nick","emrap","2021-11-01 14:01:02"
"nick","emrap","2021-11-02 11:45:14"
"philip","emrap-fire-daemon","2021-11-02 14:41:36"
"charles","emrap","2021-11-08 10:24:07"
"charles","emrap","2021-11-08 11:55:20"
"jingwen","course-host","2021-11-09 14:11:53"
"charles","emrap","2021-11-09 14:30:10"
"isagrant","starmaker","2021-11-11 18:05:57"
"jingwen","course-host","2021-11-12 14:08:16"
"someone","cfsc-api","2021-11-12 21:50:12"
"camila","emrap","2021-11-15 16:03:23"
"camila","emrap-corependium-client","2021-11-15 16:29:17"
"jingwen","course-host","2021-11-16 10:12:47"
"philip","emrap","2021-11-17 11:24:43"
"gauthierm","emrap-corependium-server","2021-11-17 13:42:11"
